sample_id,kingdom,tech_platform,coverage_hifi,syri_aln_coverage,gene_counts ,inv_count_total,inv_count_small_lt10kb,inv_count_medium_10kb_1Mb,inv_count_large_gt1Mb,inv_count_per_Gb,inv_len_mean_bp,inv_len_median_bp,sd_inv_length,q25_inv_length,q75_inv_length,min_inv_length,max_inv_length,mean_log10_inv_length,median_log10_inv_length,BUSCO_completeness,BUSCO_duplication,n_chromosomes,te_prop_genome,gene_density,asm_total_len_bp,asm_scaffold_N50_Mb,pi_genome_wide,indel_rate,inversions_with_tr,inversions_with_genes,breakpoint_genes,inversions_with_repeat
Ambroisa_artemisiifolia,Viridiplantae,HiFi+Hi-C,,,166767,148,67,58,23,143.8586715,712514.3784,27859,2012381.918,1191.75,483335.5,291,16019354,5.852793633,4.444965523,99,13.7,18,0.651,0.227643,1028787479,60,0.011231956,0.281614586,134,98,53,140
Bauhinia_championii,Viridiplantae,HiFi+Hi-C,,,118474,41,22,17,2,110.8806353,176275.439,4510,524616.0034,568,61975,264,2854629,5.246191805,3.654176542,97.6,29.3,13,0.3974,0.411899,369767001,29,0.010790534,0.100740274,34,24,11,38
Cannabis_sativa,Viridiplantae,HiFi+Hi-C,,,103668,98,63,30,5,132.4430266,218037.0714,2355,762946.254,724,42765.5,225,6091827,5.33853034,3.371990911,99,2.1,10,0.78,0.211654,739940807,78,0.007646838,0.262889308,82,40,25,94
Cephalopholis_sonnerati,Metazoa,HiFi+Hi-C,,,141196,50,47,3,0,49.34754064,4456,778.5,18156.69001,471.75,1088,262,125741,3.648945182,2.891258617,97.9,0.3,23,0.4346,0.492109,1013221720,44,0.007429627,0.041840271,21,28,28,47
Chrysanthemum_indicum,Viridiplantae,HiFi+Hi-C,,,281685,553,192,307,54,191.3337551,677735.3852,55367,4739138.164,3157,231082,221,104240294,5.831060161,4.743250992,93.7,9.1,9,0.7872,0.111541,2890237532,333,#N/A,#N/A,486,398,175,532
Coptis_teeta,Viridiplantae,HiFi+Hi-C,,,148559,64,46,18,0,72.53901174,32233.26563,2234,66588.45835,626.5,32383.75,226,376715,4.508304307,3.349083169,98.2,9.2,9,0.6881,0.253695,882283870,98,0.002432051,0.091557663,50,29,14,58
Coriaria_nepalensis,Viridiplantae,HiFi+Hi-C,,,103622,23,9,10,4,72.64887167,548653,15970,1122678.994,7786,165274,442,3838599,5.739297758,4.203304916,99.1,39.9,20,0.5319,0.32803,316591290,12,0.002622302,0.065027798,19,7,6,23
Dianthus_caryophyllus,Viridiplantae,HiFi+Hi-C,,,105147,51,29,18,4,89.86851317,227951.3922,2872,588280.4915,648.5,98276,204,2977311,5.357842249,3.458184436,98.7,6,15,0.6857,0.25713,567495758,37,0.002366733,0.117746863,43,28,19,46
Durio_zibethinus,Viridiplantae,HiFi+Hi-C,,,285915,34,19,12,3,49.58540997,449545.6176,2973.5,1200085.611,426.5,114431.5,292,5743146,5.652773768,3.473267943,97.7,33,25,#N/A,0.439577,685685568,26,0.008177076,0.063720859,28,23,15,0
Fagopyrum_tataricum,Viridiplantae,HiFi+Hi-C,,,118816,16,2,14,0,35.26472269,59172.875,35103,81920.08173,24519.5,49912.25,1838,346510,4.772122671,4.545344234,97.8,6.7,8,0.577,0.322249,453711210,56,0.000425641,0.008030179,16,12,5,16
Ficus_carica,Viridiplantae,HiFi+Hi-C,,,98456,160,9,130,21,461.252473,469719.45,259509.5,620734.5293,83521.5,601874.5,602,3893137,5.671838544,5.414153261,97.4,14.5,13,0.4749,0.430159,346881609,27,0.002600291,0.033626754,0,0,0,160
Flueggea_virosa,Viridiplantae,HiFi+Hi-C,,,75162,50,26,20,4,102.5969064,289773.66,7823.5,743078.1869,1122.25,129847.25,224,3627175,5.462058906,3.893401087,99.3,2.1,13,0.6895,0.161161,487344129,38,0.004069861,0.138563716,39,18,4,49
Fragaria_chiloensis,Viridiplantae,HiFi+Hi-C,,,272970,164,114,48,2,214.0679519,56153.48171,1463,179342.6704,642.25,21670.5,219,1252948,4.749376689,3.165244326,99.4,98.8,27,0.4321,0.372676,766111875,28,0.01056269,0.27703763,118,88,59,139
Fragaria_virginiana,Viridiplantae,HiFi+Hi-C,,,266997,164,121,39,4,224.1212777,104365.2317,1584,425039.5048,555.75,11803.75,199,4117967,5.018555842,3.199755177,99.6,98.5,27,0.4117,0.382266,731746676,26,0.008044491,0.222702474,123,79,52,145
Helianthus_deserticola,Viridiplantae,HiFi+Hi-C,,,423821,445,247,163,35,102.9459926,477476.4921,5383,1975337.846,773,145138,214,24472020,5.678951995,3.73102438,99.5,18.2,17,0.8298,0.153118,4322654906,256,#N/A,#N/A,376,247,169,426
Helianthus_niveus,Viridiplantae,HiFi+Hi-C,,,324363,343,186,130,27,95.6294214,393208.1254,5741,1751452.098,801,131640.5,215,27612769,5.594622484,3.758987547,98.8,18.4,17,0.8223,0.106518,3586762264,211,0.005509108,0.278541193,295,176,86,331
Juglans_regia,Viridiplantae,HiFi+Hi-C,,,110034,21,9,12,0,39.83304219,49424,19378,87623.90752,9999,29999,320,349499,4.693937891,4.287308952,98.8,11.8,16,0.5328,0.308993,527200506,34,0.000951571,0.011808766,20,14,5,21
Lycorma_delicatula,Metazoa,HiFi+Hi-C,,,139077,237,220,7,10,110.4594297,182106.6667,1142,969128.3967,516,2861,203,8928192,5.260325845,3.057666104,93.6,2.5,12,0.5054,0.264704,2145584135,217,8.45E-05,0.004218437,192,66,56,227
Malus_coronaria,Viridiplantae,HiFi+Hi-C,,,146586,89,54,33,2,140.0755941,75180.05618,1722,197402.5075,729,31777,262,1185479,4.876102646,3.236033147,98.3,45.9,16,0.6165,0.254097,635371212,38,0.005097174,0.17233545,70,47,25,83
Malus_domestica,Viridiplantae,HiFi+Hi-C,,,129009,70,43,23,4,120.0071807,239443.4857,3329,837935.0213,753.75,49773,271,5906363,5.379203026,3.522313795,94.4,43.8,15,0.6065,0.241926,583298429,38,0.008273697,0.176974273,61,30,13,69
Malus_fusca,Viridiplantae,HiFi+Hi-C,,,134391,78,47,25,6,128.5596608,287247.9103,5342.5,762179.5846,706.5,69786.75,230,3586762,5.458256878,3.727744531,95.9,50.5,16,0.6058,0.253126,606722198,36,0.004457024,0.15938541,57,35,15,75
Malus_ioensis,Viridiplantae,HiFi+Hi-C,,,136623,72,42,24,6,123.892112,239216.4722,2525,709849.5278,677.75,69439.75,247,4140458,5.378791081,3.402261382,93.4,41.6,15,0.6074,0.261298,581150800,39,0.005286881,0.173535776,56,38,21,67
Misgurnus_anguillicaudatus,Metazoa,HiFi+Hi-C,,,159208,187,163,23,1,179.8312862,41581.40107,536,243649.7484,366.5,1263,227,3119410,4.618899119,2.72916479,91.2,0.9,23,0.5886,0.509186,1039863552,44,0.010434652,0.143003247,92,96,97,176
Nymphoides_indica,Viridiplantae,HiFi+Hi-C,,,97502,86,67,18,1,174.7167586,41475.80233,1206,148891.5584,630.5,7939.75,223,1159103,4.617794796,3.081347308,93.1,2.1,9,0.6259,0.414303,492225249,53,0.004326146,0.161436774,69,45,39,81
PRJEB42078,Metazoa,HiFi+Hi-C,,,71117,103,102,1,0,331.341756,5261.145631,773,43245.31718,526,1247.5,225,439813,3.721080323,2.888179494,95.7,0.7,3,0.2849,0.471515,310857289,86,0.012113212,0.064268824,76,38,42,87
PRJEB42081,Metazoa,HiFi+Hi-C,,,70253,135,132,2,1,189.0884078,42401.01481,491,452264.5669,309,1017,206,5249964,4.627376251,2.691081492,97.3,0.9,28,0.5448,0.340127,713951752,27,0.002926311,0.19016238,80,35,33,130
PRJEB42082,Metazoa,HiFi+Hi-C,,,60614,253,252,1,0,580.714324,1748.936759,468,17770.73723,327,760,216,283193,3.242774106,2.670245853,97,0.7,23,0.5054,0.440125,435670328,19,0.010279032,0.14300783,144,99,101,238
PRJEB42088,Metazoa,HiFi+Hi-C,,,69726,42,39,2,1,104.3354227,149657.881,838,768738.6183,394.25,1830.5,271,4925566,5.175099592,2.923244019,95.2,0.9,30,0.3277,0.449839,402547849,14,0.001584325,0.104284318,26,11,11,36
PRJEB42094,Metazoa,HiFi+Hi-C,,,60868,28,26,0,2,86.519451,195873.9286,624.5,715520.7013,383.5,1560.25,230,2810952,5.291976634,2.795532443,97.2,0.7,31,0.3002,0.517394,323626649,11,0.004344292,0.098856982,16,14,17,24
PRJEB42099,Metazoa,HiFi+Hi-C,,,75505,4,4,0,0,6.977713723,2572.5,1802,2545.606215,851.75,3522.75,548,6138,3.410355383,3.255754787,97.3,0.9,31,0.4139,0.376952,573253670,19,0.00011067,0.006947114,2,0,0,4
PRJEB42101,Metazoa,HiFi+Hi-C,,,67885,107,103,0,4,204.0734082,135178.3364,488,703622.8255,340,832.5,222,4723013,5.130907098,2.688419822,94.3,0.6,29,0.4355,0.346724,524321130,19,0.010768992,0.080187596,56,30,30,96
PRJEB42932,Metazoa,HiFi+Hi-C,,,66888,176,176,0,0,257.8915261,996.2102273,585,1101.309037,386,1130.75,214,9065,2.998350996,2.767155866,94,1.2,8,0.6363,0.26656,682457476,107,0.010455497,0.081286054,130,49,48,165
PRJEB42935,Metazoa,HiFi+Hi-C,,,64024,71,67,3,1,237.8198854,44144.12676,482,263477.2132,329.5,835.5,222,2045903,4.64487293,2.683047038,94.9,0.9,29,0.3181,0.505807,298545262,11,0.009253132,0.151474451,35,32,31,56
PRJEB42936,Metazoa,HiFi+Hi-C,,,67629,43,43,0,0,107.0210109,695.0697674,676,320.6956275,448.5,913.5,253,1712,2.842028399,2.829946696,97,0.6,29,0.298,0.443266,401790262,14,0.015250038,0.083662798,21,14,14,36
PRJEB42937,Metazoa,HiFi+Hi-C,,,71210,30,29,0,1,67.9068822,115256.1333,661,625371.7971,368.5,1237.25,227,3426373,5.061664046,2.820201459,96.7,0.6,31,0.4742,0.441338,441781437,15,0.000567011,0.038443769,14,12,15,29
PRJEB42938,Metazoa,HiFi+Hi-C,,,69484,113,106,0,7,207.4452257,230277.823,611,1043146.431,374,1181,202,8177657,5.362252115,2.78604121,95.5,0.6,30,0.5281,0.386073,544722105,21,0.007025225,0.095611279,46,33,33,107
PRJEB42941,Metazoa,HiFi+Hi-C,,,78518,97,94,0,3,194.7580232,94642.49485,491,538582.4969,350,857,222,3695750,4.97608618,2.691081492,96.7,1,31,0.4533,0.468726,498053936,17,0.009760542,0.080428518,69,37,36,87
PRJEB42942,Metazoa,HiFi+Hi-C,,,63311,135,132,1,2,357.2165893,49057.25926,740,369430.2273,411.5,938.5,199,3615027,4.690703281,2.86923172,95.7,0.3,31,0.3716,0.427168,377921978,13,0.007756804,0.095849893,60,48,46,129
PRJEB42943,Metazoa,HiFi+Hi-C,,,78236,123,120,1,2,210.5172869,63244.5122,475,466256.5273,361,895.5,199,4472146,4.801022847,2.67669361,96.9,2.1,30,0.4413,0.370449,584275058,20,0.011393872,0.075987675,60,38,38,103
PRJEB42944,Metazoa,HiFi+Hi-C,,,50547,77,77,0,0,207.6937826,742.4545455,470,844.6924003,344,695,213,5888,2.87066987,2.672097858,95.8,0.7,30,0.5074,0.370511,370738108,13,0.008762772,0.071703104,36,22,21,73
PRJEB43029,Metazoa,HiFi+Hi-C,,,65602,61,61,0,0,170.9868705,736.6065574,531,625.6383481,348,948,230,3875,2.867235581,2.725094521,93.8,0.1,29,0.3817,0.450689,356752538,13,0.008425567,0.108273613,37,27,28,54
PRJEB43519,Metazoa,HiFi+Hi-C,,,44800,15,8,2,5,68.19303532,1678637.733,3433,2946883.919,1559.5,2710787.5,400,10600136,6.224956981,3.535673803,92.6,1.8,10,0.2507,0.354153,219963812,21,0.004897362,0.064125241,15,6,4,15
PRJEB43520,Metazoa,HiFi+Hi-C,,,105027,91,83,5,3,99.24052069,229837.5385,714,1346536.266,348,1535,199,10375913,5.361420962,2.853698212,96.7,0.9,31,0.5894,0.360395,916964153,31,0.001006757,0.045427494,56,29,25,89
PRJEB43521,Metazoa,HiFi+Hi-C,,,69023,97,96,1,0,168.5544894,762.0927835,436,1395.971817,313,699,201,13118,2.882007849,2.639486489,94.5,0.4,29,0.4542,0.377928,575481557,21,0.008036882,0.083119994,47,27,28,77
PRJEB43522,Metazoa,HiFi+Hi-C,,,65458,92,91,0,1,220.1571877,31713.93478,535.5,297387.8258,406,805.25,214,2853147,4.501250129,2.728759475,96.6,0.9,24,0.4035,0.420324,417883245,18,0.012259901,0.110347863,44,29,30,82
PRJEB43523,Metazoa,HiFi+Hi-C,,,59231,104,102,0,2,214.2859917,62394.51923,537,477254.3558,351.25,1000.25,211,4493406,4.795146443,2.729974286,93.8,0.6,43,0.5761,0.398045,485332705,11,0.008837305,0.144510622,66,38,38,104
PRJEB43525,Metazoa,HiFi+Hi-C,,,60851,102,102,0,0,214.2971648,640.6960784,506.5,466.4879057,362.75,759,220,3203,2.806652066,2.70457945,97.3,0.9,29,0.497,0.386687,475974566,17,0.005784936,0.067050616,38,29,29,93
PRJEB43526,Metazoa,HiFi+Hi-C,,,53988,32,32,0,0,110.3600919,1208.59375,490.5,1491.806955,327,1462,205,6060,3.082280344,2.690639012,97.9,0.6,31,0.3205,0.464428,289959889,10,0.004618,0.077328681,19,8,7,30
PRJEB43529,Metazoa,HiFi+Hi-C,,,39423,29,18,6,5,100.1790185,612596.8276,827,1364603.519,581,152972,271,5439616,5.787174743,2.91750551,98.2,0.9,50,0.2806,0.252246,289481774,17,0.003763337,0.036467644,21,11,5,28
PRJEB43735,Metazoa,HiFi+Hi-C,,,66867,39,39,0,0,102.9157735,883.7692308,435,1267.743737,267.5,909.5,201,6964,2.946338877,2.638489257,97.8,0.3,31,0.2655,0.453158,378950657,13,0.007672545,0.083319486,21,11,12,32
PRJEB43736,Metazoa,HiFi+Hi-C,,,607,4,0,2,2,19.82685269,1300497.5,1184465,1416203.316,131077,2353885.5,20836,2812224,6.114109522,6.073522232,97.8,0.1,28,0.2061,0.065023,201746594,9,0.001917953,0.016640379,4,3,2,2
PRJEB43739,Metazoa,HiFi+Hi-C,,,56712,69,57,5,7,190.5219115,329162,1001,1068615.656,474,3258,202,5757616,5.517409692,3.000434077,96.6,3.9,13,0.4763,0.363471,362163068,44,0.003819369,0.099352297,56,24,21,67
PRJEB43774,Metazoa,HiFi+Hi-C,,,104812,29,26,3,0,49.44178781,28699,1752,96853.26475,587,2999,244,445558,4.457866764,3.243534102,99,0.3,24,0.2233,0.530417,586548369,25,0.002416179,0.030021114,20,13,12,28
PRJEB43776,Metazoa,HiFi+Hi-C,,,69066,58,57,0,1,160.6870353,41342.65517,519,309317.1586,332.5,736.75,205,2356400,4.616398365,2.715167358,95.8,0.4,30,0.2682,0.448129,360950091,13,0.012078908,0.098513153,31,15,15,48
PRJEB43777,Metazoa,HiFi+Hi-C,,,68291,120,120,0,0,297.0538305,699.4916667,452.5,716.2201201,347.75,727.75,201,5259,2.844782545,2.655618584,96.7,0.7,31,0.443,0.450197,403967186,14,0.003773518,0.092575443,73,35,36,117
PRJEB43778,Metazoa,HiFi+Hi-C,,,61576,102,98,1,3,216.4956358,91520.93137,565,520923.1013,352.25,1000.5,215,3838988,4.961520431,2.752048448,94.2,0.6,28,0.5185,0.379428,471141137,18,0.005860942,0.130384506,62,33,32,96
PRJEB43780,Metazoa,HiFi+Hi-C,,,63287,101,100,0,1,234.348637,23259.23762,591,224697.826,368,1280,199,2259074,4.366595476,2.771587481,94.3,0.6,27,0.4558,0.390803,430981811,16,0.007722404,0.119156326,81,37,36,98
PRJEB43781,Metazoa,HiFi+Hi-C,,,72294,271,269,2,0,433.7348693,1021.856089,455,5255.366664,348,828,204,86161,3.009389737,2.658011397,97,0.9,23,0.6359,0.405426,624805657,26,0.006502605,0.256881583,174,85,86,266
PRJEB43782,Metazoa,HiFi+Hi-C,,,67869,155,155,0,0,216.9147402,886.7290323,500,1015.693387,339.5,870.5,199,6371,2.947790928,2.698970004,94.9,1.6,23,0.548,0.384578,714566469,26,0.00280547,0.068514595,73,42,42,153
PRJEB43783,Metazoa,HiFi+Hi-C,,,77575,174,170,2,2,331.7250192,46560.46552,479,407924.0829,344.25,749.75,199,4153626,4.668017314,2.680335513,96.7,1.2,29,0.4342,0.438805,524530831,18,0.00831403,0.205665124,94,63,64,160
PRJEB43784,Metazoa,HiFi+Hi-C,,,67816,255,242,10,3,374.731854,31578.89412,625,288808.0167,397,1249.5,201,3584802,4.499396917,2.795880017,96.9,1,48,0.5934,0.356088,680486586,14,0.007892389,0.075035156,139,59,55,243
PRJEB43785,Metazoa,HiFi+Hi-C,,,82599,155,153,1,1,252.0568387,26742.98065,469,323994.3287,314.5,674,203,4034391,4.42720981,2.671172843,95.7,0.9,31,0.4943,0.38037,614940665,21,0.009096528,0.143238365,89,38,38,137
PRJEB43786,Metazoa,HiFi+Hi-C,,,62120,50,45,1,4,146.0187257,403239.5,444,1452755.911,342.75,1005.5,235,6957802,5.605563068,2.64738297,94.9,0.6,28,0.3034,0.446843,342421835,13,0.008608969,0.082275119,32,25,24,43
PRJEB43789,Metazoa,HiFi+Hi-C,,,80056,157,152,3,2,278.9526298,36788.4586,535,309935.3573,313,1288,202,2960534,4.565711592,2.728353782,96.1,0.7,30,0.4564,0.421623,562819573,20,0.00289607,0.190762781,90,60,61,144
PRJEB43790,Metazoa,HiFi+Hi-C,,,44854,153,151,1,1,311.5944046,30977.46405,481,371489.374,355,627,206,4595629,4.491045862,2.682145076,94.5,0.9,5,0.4173,0.192258,491022938,94,0.015027432,0.066936748,118,14,14,143
PRJEB43791,Metazoa,HiFi+Hi-C,,,32300,5,2,1,2,26.77332804,1054491.2,425999,1556960.183,3344,1126604,929,3715580,6.02304296,5.62940858,97.9,0.6,26,0.1999,0.28698,186753025,8,0.001461172,0.014433054,5,4,4,5
PRJEB43814,Metazoa,HiFi+Hi-C,,,56841,58,58,0,0,129.6303755,585.2241379,424,479.3729473,322.5,666,226,2435,2.767322231,2.627365857,90.8,0.7,26,0.3986,0.333927,447425997,17,0.016027026,0.063573654,26,11,11,40
PRJEB44824,Metazoa,HiFi+Hi-C,,,54216,21,21,0,0,77.20162576,857.3333333,448,1507.905379,291,683,232,7264,2.93314971,2.651278014,97,0.7,32,0.2827,0.47111,272014997,9,0.004900812,0.047048764,11,10,10,20
PRJEB44825,Metazoa,HiFi+Hi-C,,,64487,77,75,2,0,231.3979851,18964.5974,490,115493.1884,372,691,223,852526,4.277943628,2.69019608,93.3,1.3,28,0.4451,0.522743,332760028,12,0.010590162,0.124907465,46,35,35,70
PRJEB44826,Metazoa,HiFi+Hi-C,,,38659,13,12,1,0,61.5275689,42689.53846,494,150865.3198,411,1009,224,544793,4.630321459,2.693726949,92.1,0.4,11,0.1492,0.3353,211287399,20,0.005010408,0.033073253,10,3,2,12
PRJEB44828,Metazoa,HiFi+Hi-C,,,86852,121,119,0,2,177.1567906,50989.78512,624,433228.0974,397,930,219,4524686,4.707483182,2.79518459,96.9,1.3,31,0.5664,0.419272,683010793,24,0.003341188,0.045248411,70,39,39,119
PRJEB44829,Metazoa,HiFi+Hi-C,,,65503,18,18,0,0,45.10712028,1610,876.5,1894.394455,385.5,1277,211,6539,3.206825876,2.94275192,96.7,0.6,31,0.396,0.391741,399050081,14,0.000364986,0.022388139,14,5,5,18
PRJEB44956,Viridiplantae,HiFi+Hi-C,,,17100,1,0,1,0,1.452828978,70066,70066,,70066,70066,70066,70066,4.845507325,4.845507325,82.7,3.3,10,0.7087,0.021817,688312262,66,2.36E-06,0.009943624,1,0,0,1
PRJEB44975,Metazoa,HiFi+Hi-C,,,65404,121,121,0,0,278.4635589,642.7768595,424,634.8926351,288,705,202,4534,2.808060233,2.627365857,96.4,0.4,30,0.5141,0.404376,434527234,15,0.005027047,0.141246117,75,30,30,120
PRJEB44976,Metazoa,HiFi+Hi-C,,,38848,167,160,5,2,440.4575702,38096.25749,869,249092.6925,541,1920,214,2291811,4.580882313,2.939019776,89.4,0.9,6,0.4254,0.297775,379151163,69,0.008947701,0.04827287,118,30,26,164
PRJEB44977,Metazoa,HiFi+Hi-C,,,80276,106,104,1,1,116.5506936,13442.32075,1503.5,115437.2209,637.75,2794,219,1190075,4.128474254,3.177103432,94.8,0.9,5,0.5516,0.292818,909475497,162,0.000647859,0.030003289,66,26,24,102
PRJEB44978,Metazoa,HiFi+Hi-C,,,66194,109,107,1,1,219.096932,18559.33028,533,183529.838,351,1045,199,1916927,4.2685623,2.726727209,92.3,1.2,28,0.4751,0.413511,497496697,18,0.01022527,0.059803796,51,34,35,107
PRJEB44979,Metazoa,HiFi+Hi-C,,,61136,56,55,0,1,140.1117296,35938.21429,603,262057.3897,359.25,1091.75,209,1961962,4.555556494,2.780317312,94.6,0.7,15,0.432,0.429598,399681027,32,0.008118923,0.123691446,23,19,17,53
PRJEB45098,Metazoa,HiFi+Hi-C,,,74898,78,64,9,5,150.954319,147833.2564,656.5,416785.1008,343,2228.25,222,2144470,5.169772143,2.81723473,98.2,0.1,22,0.4609,0.468564,516712609,25,0.013088217,0.06956937,54,31,25,74
PRJEB45099,Metazoa,HiFi+Hi-C,,,74734,50,47,2,1,101.9608019,88397,798,478423.83,441.25,1662.5,231,3312704,4.946437526,2.902002891,96,0.9,31,0.5001,0.411265,490384531,17,0.001182034,0.140081622,32,13,13,49
PRJEB45100,Metazoa,HiFi+Hi-C,,,136583,22,16,6,0,35.92812056,100510.5,1291,257184.3884,633.5,26642.25,207,907103,5.002211433,3.110926242,98.5,0.4,21,0.2427,0.59691,612333728,29,0.003090324,0.034979573,16,11,11,21
PRJEB45101,Metazoa,HiFi+Hi-C,,,48417,144,142,1,1,371.3867723,13594.5,573,138986.4093,385.75,1406,209,1661973,4.133363239,2.758154622,90.9,2.1,17,0.602,0.378515,387735942,22,0.004805797,0.105699544,62,43,43,111
PRJEB45103,Metazoa,HiFi+Hi-C,,,86493,83,76,5,2,154.9640562,61447.55422,591,320019.4882,398.5,1391,212,2096264,4.788504601,2.771587481,95.1,2.1,10,0.5545,0.432126,535608076,57,0.006330054,0.15201534,53,38,38,81
PRJEB45104,Metazoa,HiFi+Hi-C,,,54693,51,51,0,0,157.2491172,1088.137255,625,1272.505985,398.5,1257.5,208,7367,3.03668368,2.795880017,96.3,1.9,5,#N/A,0.467543,324326145,71,0.010000006,0.054123817,41,27,33,0
PRJEB45105,Metazoa,HiFi+Hi-C,,,39425,14,8,5,1,45.83604691,240124.5,6188,813263.5283,1280.5,53467,424,3063214,5.380436474,3.791550305,98.2,0.7,50,0.323,0.242632,305436462,19,0.000186083,0.016800446,9,2,0,14
PRJEB45106,Metazoa,HiFi+Hi-C,,,38549,2,0,0,2,7.210123917,5295938,5295938,688635.7378,5052468.5,5539407.5,4808999,5782877,6.723942892,6.723942892,98.4,0.3,26,0.2677,0.252072,277387743,12,7.11E-06,0.004470186,2,2,0,2
PRJEB45107,Metazoa,HiFi+Hi-C,,,67304,92,89,2,1,173.5831122,17973.55435,548.5,154767.7238,383,938.75,222,1483916,4.254633969,2.739176632,97.3,1.2,31,0.4238,0.348476,530005476,18,0.005242776,0.069722233,46,26,24,85
PRJEB45108,Metazoa,HiFi+Hi-C,,,89180,257,255,2,0,400.2126247,1201.571984,526,7546.048446,343,877,204,120709,3.079749794,2.720985744,96.9,0.6,31,0.5372,0.446694,642158653,22,0.009221759,0.123009411,137,85,88,241
PRJEB45111,Metazoa,HiFi+Hi-C,,,69362,171,168,2,1,358.1512744,24897.90643,483,313179.627,373.5,775.5,212,4096144,4.396162831,2.683947131,97.5,2.1,30,0.4269,0.444858,477451882,17,0.01207139,0.082167621,64,51,48,160
PRJEB45112,Metazoa,HiFi+Hi-C,,,65171,84,82,1,1,144.3808296,30106.60714,548.5,266607.9041,341,1338.5,206,2444490,4.478661816,2.739176632,97,0.4,31,0.5089,0.368784,581794690,19,0.005777376,0.073760296,46,27,27,82
PRJEB45113,Metazoa,HiFi+Hi-C,,,65576,143,139,0,4,242.6468424,83746.83916,593,515157.8398,359.5,1298.5,209,4394092,4.922968425,2.773054693,95.7,0.7,45,0.6463,0.352934,589333859,12,0.005357122,0.127155384,105,43,44,140
PRJEB45114,Metazoa,HiFi+Hi-C,,,66386,54,48,2,4,133.6773717,169424.2593,641,582456.9777,354.75,2675.5,236,3083882,5.228975596,2.80685803,96.6,1.8,30,0.394,0.449149,403957673,15,0.004419441,0.078537369,29,20,17,49
PRJEB45134,Metazoa,HiFi+Hi-C,,,726887,103,101,1,1,39.73540522,149480.6796,1270,1487375.434,627,2562,202,15097769,5.174585064,3.103803721,98.8,10.1,32,0.3649,0.548254,2592146712,85,0.002671293,0.013172216,78,76,101,98
PRJEB45135,Metazoa,HiFi+Hi-C,,,53403,27,23,3,1,103.4356856,49722.44444,1248,231017.2574,633,2143.5,247,1204072,4.696552471,3.096214585,83.5,0.6,9,0.5087,0.612438,261031769,29,0.004294269,0.148005371,13,8,9,26
PRJEB45137,Metazoa,HiFi+Hi-C,,,88608,206,196,3,7,262.2312573,128912.2816,723.5,744038.9318,440.5,1414.25,204,6895966,5.110294295,2.859438535,93.9,1.9,5,0.6431,0.33073,785566153,193,0.008803323,0.079356513,120,54,48,202
PRJEB45140,Metazoa,HiFi+Hi-C,,,50480,13,12,1,0,69.31119515,3168.769231,1381,5151.830405,540,3680,365,19502,3.500890612,3.140193679,95.1,0.7,5,0.1614,0.464068,187559888,37,0.005915312,0.039815007,6,9,8,10
PRJEB45141,Metazoa,HiFi+Hi-C,,,81776,195,190,4,1,255.1118325,41329.91282,463,503269.3435,338.5,687.5,201,6978849,4.616264489,2.665580991,94.3,0.9,29,0.564,0.348298,764370661,27,0.013471646,0.126052087,123,57,55,182
PRJEB45142,Metazoa,HiFi+Hi-C,,,75106,124,117,4,3,223.2677881,65173.96774,495.5,360824.0016,308.75,843,203,2836267,4.814074161,2.695043659,91.1,0.9,27,0.5408,0.430917,555386879,22,0.005574527,0.220476807,73,43,41,116
PRJEB45143,Metazoa,HiFi+Hi-C,,,34049,33,31,0,2,125.7981862,152117.7576,692,611527.0179,351,988,229,2873364,5.182179915,2.840106094,91.1,0.4,8,0.3394,0.276518,262324927,42,0.002360695,0.023588903,18,6,5,31
PRJEB45144,Metazoa,HiFi+Hi-C,,,56416,36,25,9,2,194.1962823,173766.3889,1186,529869.9547,464.5,20828.5,207,2963415,5.239965776,3.074084689,96.6,0.9,48,0.3278,0.471644,185379450,5,0.005196808,0.051279387,28,20,18,32
PRJEB45147,Metazoa,HiFi+Hi-C,,,97103,253,246,2,5,301.5688039,60834.21344,629,484556.6796,360,1275,206,6190179,4.784147897,2.798650645,96.3,3,31,0.6173,0.435057,838946193,29,0.005220482,0.153016039,128,96,100,246
PRJEB45148,Metazoa,HiFi+Hi-C,,,79700,61,54,2,5,156.2821327,368460.2623,598,1355247.217,406,1190,202,8329400,5.566390657,2.776701184,98.1,0.3,19,0.3591,0.432213,390319731,21,0.009753932,0.109522017,34,17,16,54
PRJEB45149,Metazoa,HiFi+Hi-C,,,75306,118,110,5,3,217.203878,102020.1441,720,561385.1105,511,1346,205,4705491,5.008685932,2.857332496,93.6,1.3,4,0.5413,0.34523,543268385,153,0.008133762,0.11924657,92,40,38,106
PRJEB45150,Metazoa,HiFi+Hi-C,,,83698,139,129,6,4,218.1434749,150103.3597,559,954081.7709,345.5,1299,204,10076906,5.176390413,2.747411808,89.6,1.2,9,0.5344,0.384308,637195314,76,0.007346472,0.118243233,81,38,34,130
PRJEB45151,Metazoa,HiFi+Hi-C,,,103164,140,134,3,3,150.3637594,124435.7357,786,777687.3639,389.5,1730.75,200,5945817,5.09494512,2.895422546,93,1.5,5,0.6885,0.351857,931075417,177,0.004341487,0.067703181,115,46,47,139
PRJEB45152,Metazoa,HiFi+Hi-C,,,68526,59,57,2,0,100.8575543,15944.66102,868,97980.64329,457.5,2024,227,747723,4.202615291,2.938519725,94.8,3.9,18,0.6136,0.404515,584983449,32,0.003277244,0.108921762,32,14,12,58
PRJEB45157,Metazoa,HiFi+Hi-C,,,44608,11,10,1,0,30.59824929,7264.545455,1898,17467.58368,638.5,3584,202,59651,3.861208446,3.278296208,95.5,0.6,3,0.4388,0.31473,359497692,127,0.000873244,0.022553746,10,5,3,11
PRJEB45158,Metazoa,HiFi+Hi-C,,,78111,48,44,3,1,142.3395695,193048.2292,717.5,1133358.647,479.75,1734.5,236,7827325,5.285665822,2.855821905,91.1,2.4,11,0.3452,0.547313,337221759,30,0.01181658,0.099240165,21,21,18,45
PRJEB45159,Metazoa,HiFi+Hi-C,,,55621,44,42,2,0,47.89380865,17496.75,607.5,108462.538,377.25,1004.25,265,720450,4.242957387,2.783546282,97,1.5,46,0.683,0.235378,918699123,30,0.002852395,0.077025964,24,7,8,31
PRJEB45160,Metazoa,HiFi+Hi-C,,,61779,67,66,0,1,163.5750486,43507.65672,511,349909.8472,369.5,793,207,2864886,4.638565693,2.7084209,92.6,0.6,28,0.3915,0.405652,409597922,16,0.008008199,0.070498807,39,19,21,61
PRJEB45162,Metazoa,HiFi+Hi-C,,,56282,46,44,2,0,124.3720899,23016.41304,610.5,113990.7017,382.25,1044,241,719906,4.362037643,2.785685668,98.2,0.1,14,0.3611,0.310863,369857900,27,0.007308685,0.054398225,28,8,7,46
PRJEB45163,Metazoa,HiFi+Hi-C,,,38104,8,6,1,1,47.28224605,1457698.25,4868,3986226.452,877.5,87189,465,11319259,6.163667632,3.68735057,98.1,0.4,8,0.1266,0.373389,169196700,23,0.008334512,0.029168123,7,6,8,5
PRJEB45164,Metazoa,HiFi+Hi-C,,,36616,22,9,11,2,88.79046529,392564.6364,49144.5,769824.3817,2042.75,440464.5,427,2735471,5.593911174,4.691474921,97.6,0.6,49,0.3862,0.247133,247774352,9,0.001217036,0.029485818,22,9,7,21
PRJEB45165,Metazoa,HiFi+Hi-C,,,59306,597,586,5,6,1403.581069,128204.3635,463,1948439.536,378,606,220,44622744,5.107902807,2.665580991,96.9,2.1,8,0.5924,0.366716,425340590,61,0.012884507,0.121904905,109,208,197,250
PRJEB45166,Metazoa,HiFi+Hi-C,,,142078,431,425,1,5,519.166995,118930.5916,632,1490418.541,419,1036,209,24319556,5.075293579,2.800717078,81.5,1.3,6,0.5669,0.583857,830176040,151,0.011761321,0.141676652,304,255,280,399
PRJEB45167,Metazoa,HiFi+Hi-C,,,68909,50,46,1,3,100.7911066,178782.78,492,719504.7922,349.5,1265.75,211,3691667,5.252325686,2.691965103,96.4,1,31,0.485,0.436088,496075514,17,0.002475852,0.087061941,32,15,14,48
PRJEB45168,Metazoa,HiFi+Hi-C,,,39425,10,8,1,1,31.99969966,213219.4,2702,553782.2128,1459.75,5100.5,406,1757196,5.328826717,3.431685345,97.9,0.7,47,0.3456,0.225977,312502933,12,0.003028748,0.027730402,8,2,1,8
PRJEB45169,Metazoa,HiFi+Hi-C,,,56684,11,10,1,0,33.35688562,23033,902,70876.23703,648,3374.5,236,236663,4.362350508,2.955206538,96.4,0.7,31,0.3427,0.433564,329766997,11,0.004669194,0.132063948,6,4,4,10
PRJEB45654,Metazoa,HiFi+Hi-C,,,87769,179,176,3,0,247.9194712,2242.139665,520,13582.87213,354.5,1124,207,167556,3.350662662,2.716003344,96.7,1.2,31,0.5232,0.349639,722008639,26,0.009985058,0.161156434,95,56,53,161
PRJEB45655,Metazoa,HiFi+Hi-C,,,83653,103,96,2,5,160.2104263,359282.0485,757,2062831.302,438,1443,229,14563405,5.555435518,2.87909588,93.8,0,43,0.5348,0.378996,642904475,38,0.008332671,0.135195321,63,33,27,100
PRJEB45657,Metazoa,HiFi+Hi-C,,,58384,255,254,0,1,604.3528564,15769.22745,394,241993.3432,304.5,574.5,199,3864926,4.197810417,2.595496222,97,0.9,28,0.5184,0.384531,421938934,16,0.004870278,0.145501208,131,82,82,246
PRJEB45658,Metazoa,HiFi+Hi-C,,,86308,241,237,2,2,330.099974,40336.90456,534,437723.7947,375,876,216,5569170,4.605702568,2.727541257,96.9,1.2,30,0.624,0.393641,730081851,26,0.005658282,0.172063181,134,76,75,230
PRJEB45659,Metazoa,HiFi+Hi-C,,,77150,123,117,1,5,218.0019077,146604.1382,394,737328.0419,290.5,771.5,200,5380102,5.166146229,2.595496222,95.8,2.1,28,0.5119,0.416345,564215246,20,0.01008826,0.192675203,68,41,42,116
PRJEB45660,Metazoa,HiFi+Hi-C,,,63772,155,153,2,0,262.1125086,6801.774194,585,72723.90649,388.5,1082.5,212,906239,3.83262221,2.767155866,96.4,2.5,5,0.5552,0.299149,591349115,111,0.006640469,0.100377286,111,47,46,147
PRJEB45662,Metazoa,HiFi+Hi-C,,,71763,86,84,1,1,183.6727649,38023.10465,526.5,310809.0758,347.5,845.5,218,2867212,4.580047575,2.721398376,97,0.6,28,0.4352,0.437629,468224018,17,0.00709188,0.16784644,53,35,36,78
PRJEB45663,Metazoa,HiFi+Hi-C,,,49886,26,24,0,2,113.4598775,103440.1154,552.5,364201.2198,281.25,970.5,209,1438777,5.014688996,2.742332282,97.2,1.2,26,0.2425,0.479711,229155897,9,0.007461693,0.058488138,15,15,15,23
PRJEB46255,Metazoa,HiFi+Hi-C,,,60008,16,13,2,1,72.4442026,190787.6875,868.5,566801.2013,341,1340.25,269,2241865,5.280550344,2.938769823,92.6,0.4,27,0.2369,0.530048,220859633,8,0.019413501,0.053144739,9,9,11,14
PRJEB46257,Metazoa,HiFi+Hi-C,,,169837,473,454,13,6,335.7544373,36352.23256,617,308012.1245,376,1199,200,4442306,4.560531088,2.790285164,92.6,1.5,8,0.6335,0.318692,1408767681,172,0.004289395,0.127301202,296,152,148,462
PRJEB46258,Metazoa,HiFi+Hi-C,,,43778,10,7,2,1,27.72472175,384803.8,1042.5,855140.7392,503.5,267044,313,2707066,5.585239352,3.018076064,98.2,0.9,34,0.3878,0.267278,360688922,20,6.41E-05,0.004923426,9,6,1,8
PRJEB46260,Metazoa,HiFi+Hi-C,,,54588,142,133,7,2,226.3449301,31264.75352,730,204290.9724,409,1341.5,228,2113749,4.495055009,2.86332286,86.6,1.6,11,0.6118,0.330953,627361081,315,0.00704167,0.144796714,47,35,35,79
PRJEB46261,Metazoa,HiFi+Hi-C,,,75576,159,150,4,5,219.8358407,129201.6289,594,816376.7881,384.5,1200,201,8848647,5.111267989,2.773786445,94.8,0.7,5,0.5477,0.301732,723266959,134,0.008696196,0.083148378,87,43,44,150
PRJEB46262,Metazoa,HiFi+Hi-C,,,43844,168,165,2,1,423.8239313,15771.95238,1104.5,174522.4628,708.5,1618.5,214,2258434,4.197885457,3.04316572,95.2,0.7,5,0.4167,0.296675,396391019,75,0.013979614,0.049519832,104,60,61,111
PRJEB46263,Metazoa,HiFi+Hi-C,,,59811,191,190,1,0,276.9940225,2130.628272,617,17347.34613,362,1042,200,240309,3.328507686,2.790285164,94.9,1,5,0.6566,0.271473,689545566,124,0.003904079,0.055584626,117,41,38,186
PRJEB46264,Metazoa,HiFi+Hi-C,,,463575,321,317,2,2,196.772271,15397.17757,830,155677.5819,490,1600,203,2037537,4.187441118,2.919078092,98.1,0.7,13,0.3974,0.585474,1631327414,123,0.013107705,0.088206532,131,166,187,270
PRJEB46265,Metazoa,HiFi+Hi-C,,,92490,156,156,0,0,213.8438184,711.0576923,489,838.6893018,321.5,750,199,8025,2.851904839,2.689308859,97.6,1.2,30,0.5359,0.350288,729504370,25,0.007598205,0.113022125,84,40,40,137
PRJEB46266,Metazoa,HiFi+Hi-C,,,70833,66,53,10,3,261.6453343,113056.2273,772.5,444709.2601,509.25,4631.5,212,2948561,5.053294489,2.887898488,98.7,0.4,21,0.288,0.471756,252249864,13,0.004984674,0.107303035,52,24,22,64
PRJEB46267,Metazoa,HiFi+Hi-C,,,52756,89,89,0,0,227.4928254,1543.134831,1004,1476.365694,472,1996,214,8253,3.188403874,3.001733713,95.7,0.6,5,0.4258,0.343739,391221129,69,0.005050115,0.07215861,62,27,28,83
PRJEB46268,Metazoa,HiFi+Hi-C,,,57355,53,53,0,0,152.4225792,591.3773585,428,392.185701,294,811,210,2085,2.771864693,2.631443769,96.7,0.4,31,0.4207,0.43978,347717512,12,0.006681103,0.074055537,20,13,13,49
PRJEB46269,Metazoa,HiFi+Hi-C,,,78580,134,134,0,0,217.3073646,651.3955224,465.5,736.4886823,350,687.25,220,7455,2.813844769,2.667919685,97.3,1.8,30,0.4865,0.386679,616638098,22,0.008426263,0.128251971,69,34,34,127
PRJEB46270,Metazoa,HiFi+Hi-C,,,73503,161,159,2,0,292.6363017,5423.571429,542,53620.54492,308,1193,199,678456,3.734285364,2.733999287,96,2.2,30,0.4414,0.400359,550170977,19,0.004430305,0.084518664,67,70,72,148
PRJEB46271,Metazoa,HiFi+Hi-C,,,86416,214,212,0,2,185.0054333,34841.07009,589.5,385309.1097,373,999.25,203,5278149,4.542091485,2.770483809,93.3,1.5,12,0.6581,0.298929,1156722785,94,0.010947851,0.183711535,124,67,65,204
PRJEB46272,Metazoa,HiFi+Hi-C,,,90370,289,251,27,11,200.3963086,194901.3426,577,1196785.481,384,1047,205,15691124,5.289814831,2.761175813,84.2,1.3,32,0.7114,0.269911,1442142333,50,0.008748321,0.179527189,185,95,81,279
PRJEB46273,Metazoa,HiFi+Hi-C,,,41856,48,47,0,1,223.5276756,300475.875,405,2076925.285,317.75,569.75,228,14390057,5.477809609,2.607455023,97.8,1,6,0.2679,0.301351,214738510,36,0.003058451,0.048889336,26,10,9,45
PRJEB46275,Metazoa,HiFi+Hi-C,,,57327,96,94,0,2,197.4899988,50202.6875,466.5,378766.5731,329.25,1100.5,214,3517815,4.700726967,2.668851648,97.2,0.7,30,0.5116,0.343133,486100565,18,0.005356182,0.112274722,46,22,21,93
PRJEB46276,Metazoa,HiFi+Hi-C,,,69019,156,155,0,1,271.9351944,7938.948718,480.5,89167.38289,330,858.75,201,1114442,3.899762997,2.681693392,96.9,1.6,30,0.458,0.353254,573666091,19,0.011770149,0.106364053,82,42,45,146
PRJEB46277,Metazoa,HiFi+Hi-C,,,71112,110,106,2,2,163.2870287,67665.44545,802,525349.464,395,1421.5,207,5315603,4.830366945,2.904174368,95.8,0.7,31,0.5203,0.377661,673660369,24,0.003929901,0.077071589,74,33,33,110
PRJEB46278,Metazoa,HiFi+Hi-C,,,58319,129,129,0,0,301.4322962,572.3565891,407,461.4713358,328,554,208,3561,2.757666687,2.609594409,96,0.6,30,0.3641,0.377562,427956797,15,0.009633826,0.094598846,62,42,43,120
PRJEB46279,Metazoa,HiFi+Hi-C,,,71320,104,93,7,4,165.0587589,106841.5865,675,510519.5639,449.25,1288.25,207,3631234,5.028740328,2.829303773,94.6,0.7,29,0.4955,0.367613,630078650,23,0.013181411,0.10096707,58,37,41,96
PRJEB46280,Viridiplantae,HiFi+Hi-C,,,104586,31,31,0,0,68.12828713,1299.354839,853,1517.470451,381,1363.5,285,7194,3.113727768,2.930949031,98.7,1.9,14,0.5642,0.397098,455023916,31,0.0065061,0.063753483,21,13,14,29
PRJEB46281,Metazoa,HiFi+Hi-C,,,63855,118,118,0,0,233.1657353,1060.067797,739.5,848.0852313,385.25,1561.5,207,4215,3.025333641,2.868938178,96,0.1,30,0.4504,0.372355,506077790,18,0.005957435,0.156133077,58,27,27,110
PRJEB46282,Metazoa,HiFi+Hi-C,,,75275,123,119,1,3,201.1873008,104065.561,599,671320.9208,374.5,979,203,5270468,5.01730703,2.777426822,95.4,1,29,0.4964,0.375712,611370596,22,0.00591737,0.086644904,64,39,39,116
PRJEB46284,Metazoa,HiFi+Hi-C,,,70566,38,38,0,0,135.307663,1034.263158,551.5,1352.076075,358.5,756.5,202,5246,3.014631055,2.741545517,94.8,0.9,28,0.3128,0.555813,280841448,10,0.008168104,0.081715392,23,10,10,34
PRJEB46285,Metazoa,HiFi+Hi-C,,,59803,26,25,0,1,47.80193423,125097.5769,668,632457.1542,398.5,1818.75,246,3225971,5.097248898,2.824776462,97.6,1.8,31,0.4947,0.344616,543911045,19,0.002280075,0.05896723,15,5,6,26
PRJEB46286,Metazoa,HiFi+Hi-C,,,72561,126,126,0,0,201.9685962,907.1825397,598.5,857.4760862,340.5,1146.5,206,5394,2.957694683,2.777064155,93,1.2,29,0.5092,0.379789,623859364,22,0.002988802,0.101172595,80,37,39,122
PRJEB46287,Metazoa,HiFi+Hi-C,,,103475,184,179,3,2,242.8867939,82712.35326,484,929006.2125,350.5,751.5,209,12500613,4.917570377,2.684845362,97.3,1.2,31,0.5286,0.38115,757554567,25,0.011599499,0.156610634,92,55,60,165
PRJEB46288,Metazoa,HiFi+Hi-C,,,103539,178,168,4,6,215.1394891,156210.8258,541.5,822639.1921,334.25,1030.5,199,5193752,5.193711128,2.733598461,94.8,1.3,31,0.5911,0.334367,827370190,29,0.012151593,0.15458997,98,53,54,165
PRJEB46290,Metazoa,HiFi+Hi-C,,,53689,81,80,0,1,134.7286894,36292.58025,633,319285.7293,365,951,230,2874381,4.559817846,2.80140371,74.6,0.4,48,0.6435,0.278874,601208253,13,0.001911039,0.055627788,53,18,17,75
PRJEB46291,Metazoa,HiFi+Hi-C,,,47429,12,6,3,3,50.62161402,796595.25,68171.5,1479775.76,471.75,689461.25,203,4905644,5.901237712,4.83360285,96.7,0.7,12,0.2618,0.389607,237052892,20,0.002902592,0.030133614,11,8,6,12
PRJEB46292,Metazoa,HiFi+Hi-C,,,56801,63,63,0,0,156.4173079,651.2698413,435,557.7956096,318.5,721,218,3475,2.813760968,2.638489257,96.3,1,30,0.4693,0.38983,402768727,14,0.007484545,0.064304824,30,9,9,61
PRJEB46832,Metazoa,HiFi+Hi-C,,,57271,63,63,0,0,179.6774482,735.7936508,532,651.6157377,330.5,892,208,4133,2.866756036,2.725911632,97.3,0.4,31,0.4086,0.449827,350628310,12,0.012752444,0.108943951,26,18,18,58
PRJEB46833,Metazoa,HiFi+Hi-C,,,118862,335,326,8,1,327.1546761,11144.51045,557,155170.3528,377.5,949,202,2832207,4.047060996,2.745855195,96.7,1.2,30,0.5763,0.357322,1023980473,35,0.012129635,0.15902496,159,98,99,316
PRJEB46834,Viridiplantae,HiFi+Hi-C,,,149538,42,37,3,2,102.1228131,123862.7619,967,524624.7649,431.75,2605.25,217,3162634,5.09294076,2.985426474,99.5,81.5,14,0.4237,0.411681,411269517,28,0.0049649,0.090022939,27,14,14,32
PRJEB46835,Metazoa,HiFi+Hi-C,,,73570,11,9,2,0,37.03163989,7138.090909,527,16034.90014,385.5,2844.5,257,53266,3.853582075,2.721810615,95.8,0.6,5,0.3119,0.683113,297043286,73,0.000506584,0.03394614,8,8,7,10
PRJEB46836,Metazoa,HiFi+Hi-C,,,53800,41,41,0,0,156.899237,563.1219512,377,637.3944695,326,484,241,4186,2.750602457,2.57634135,97.2,0.4,30,0.275,0.453558,261314209,9,0.005035618,0.041881325,32,12,12,38
PRJEB46837,Metazoa,HiFi+Hi-C,,,87362,38,35,2,1,44.37643437,66039.07895,1807,278790.6902,581,3306.25,207,1645226,4.819801007,3.256958153,79.5,1.8,28,0.664,0.152865,856310349,128,0.0005657,0.023331216,24,6,4,33
PRJEB46838,Metazoa,HiFi+Hi-C,,,83210,126,118,3,5,192.7971201,164734.381,527,900325.4359,372.25,898.75,207,7411431,5.216784248,2.721810615,97,0.7,31,0.4881,0.383095,653536733,23,0.008549452,0.104219286,58,44,38,109
PRJEB46840,Viridiplantae,HiFi+Hi-C,,,108588,65,50,12,3,235.9217053,109393.4308,598,365882.7079,370,2920,207,2151826,5.038991243,2.776701184,98.9,5.8,7,0.4315,0.468431,275515133,46,0.004259892,0.21007619,46,41,41,56
PRJEB46841,Metazoa,HiFi+Hi-C,,,54676,29,27,1,1,101.1578987,108144.5862,327,463245.6408,264,582,232,2420539,5.034004783,2.514547753,97.5,1,31,0.3409,0.456749,286680530,10,0.002729681,0.033208939,17,11,10,27
PRJEB46842,Metazoa,HiFi+Hi-C,,,77064,43,36,7,0,150.714142,74166.69767,943,200063.7328,370,2334.5,200,702641,4.870208942,2.974511693,92.7,1,17,0.3971,0.588488,285308329,16,0.006226954,0.107670923,33,23,18,40
PRJEB47298,Viridiplantae,HiFi+Hi-C,,,105224,48,46,1,1,50.85822546,52383.70833,1207.5,339590.7322,491.5,2716.25,263,2354869,4.71919624,3.081887139,99.1,6.2,12,0.7526,0.15233,943800134,80,0.004660214,0.054650091,32,7,4,44
PRJEB47300,Viridiplantae,HiFi+Hi-C,,,112787,25,9,11,5,25.5439717,549238.84,142367,783073.323,7586,898830,1315,2710450,5.739761241,5.153409334,60.9,22.7,50,0.7412,0.223693,978704498,19,0.001398002,0.045742291,24,16,13,25
PRJEB47301,Viridiplantae,HiFi+Hi-C,,,277995,23,9,10,4,19.55761152,586266.7391,40964,1258984.363,3035.5,551294.5,248,5674002,5.768095256,4.612402357,97.1,84.2,43,0.6176,0.306868,1176012724,36,0.002456396,0.062167193,20,16,13,23
PRJEB47302,Viridiplantae,HiFi+Hi-C,,,157037,28,28,0,0,43.6380961,1820.321429,526,2455.660039,341.25,1987.5,207,8106,3.260148082,2.720985744,99.3,54.4,17,0.6049,0.3069,641641192,37,0.005384766,0.119729747,17,5,6,24
PRJEB47304,Viridiplantae,HiFi+Hi-C,,,70969,8,6,2,0,25.62636711,101748.875,2997.5,269655.908,1709.75,12964,216,768705,5.007529616,3.476759192,98.3,1.3,11,0.6198,0.30678,312178467,24,0.000918637,0.023055784,6,4,4,8
PRJEB47305,Fungi,HiFi+Hi-C,,,27548,3,2,1,0,84.84241356,27050,2929,43405.70623,1995.5,40044,1062,77159,4.432167269,3.466719372,94.1,1.9,19,0.1211,0.568559,35359673,6,0.007696983,0.028012076,1,2,1,3
PRJEB47306,Metazoa,HiFi+Hi-C,,,103062,264,252,8,4,357.0651641,84790.93561,717,725130.9523,460.5,1217.25,199,9400360,4.928349427,2.855519156,94.6,2.5,4,0.6131,0.246705,739360841,192,0.009078544,0.134903363,168,45,40,258
PRJEB47307,Metazoa,HiFi+Hi-C,,,116692,125,123,2,0,177.7751106,11963.888,892,85285.40529,484,1766,201,813482,4.077872339,2.950364854,89.4,2.1,5,0.4347,0.408377,703135549,125,0.00874512,0.072575013,78,44,46,112
PRJEB47309,Metazoa,HiFi+Hi-C,,,47004,51,48,2,1,159.3139947,48247.43137,1249,237413.3142,433.5,1287,199,1541645,4.683474197,3.096562438,93.2,0.3,29,0.327,0.352157,320122536,12,0.003984745,0.047540991,36,9,8,48
PRJEB47376,Metazoa,HiFi+Hi-C,,,93207,155,139,9,7,244.3971539,253180.5032,480,1440028.775,366,716,225,12694875,5.403430259,2.681241237,77.7,47.2,27,0.477,0.370497,634213605,57,0.004208694,0.143394613,106,49,48,151
PRJEB47391,Viridiplantae,HiFi+Hi-C,,,150496,99,92,6,1,105.4307284,74053.50505,796,416265.0212,452.5,1628.5,236,3944049,4.869545619,2.900913068,98.7,55.8,32,0.6599,0.179243,939005179,29,0.011568192,0.081398677,66,15,9,91
PRJEB47392,Viridiplantae,HiFi+Hi-C,,,147450,60,41,12,7,100.2555668,880932.6833,1406,3137463.856,536.25,137312.75,221,19685424,5.944942723,3.147985321,99,23.7,18,0.5962,0.331674,598470508,35,0.011264809,0.142194813,39,19,11,55
PRJEB47461,Metazoa,HiFi+Hi-C,,,76547,227,225,1,1,339.8222507,18880.08811,424,232172.9368,303.5,656.5,199,3423645,4.276004017,2.627365857,97.3,1.6,28,0.6007,0.358319,667996282,25,0.00807077,0.161372245,118,74,73,210
PRJEB47462,Metazoa,HiFi+Hi-C,,,106247,113,107,3,3,153.459435,132660.3274,573,765642.9898,306,1366,200,5902537,5.122741065,2.758154622,97.5,1.2,30,0.4966,0.39211,736350945,26,0.001587469,0.082844902,66,37,39,109
PRJEB47463,Metazoa,HiFi+Hi-C,,,81925,206,204,0,2,292.8555967,35376.54854,708.5,370651.2727,451.75,1207,202,4825796,4.548715459,2.850339855,94,0.6,29,0.5474,0.30668,703418348,26,0.004809483,0.100552685,124,45,45,199
PRJEB47464,Metazoa,HiFi+Hi-C,,,51825,19,10,8,1,87.38322945,286875.8421,2889,561489.8622,544,354093.5,273,2282014,5.457693978,3.460747542,89,1.2,11,0.2507,0.615104,217433026,24,0.003870961,0.081443541,13,13,10,17
PRJEB47541,Metazoa,HiFi+Hi-C,,,69698,135,131,2,2,248.8466878,62149.51852,490,501342.2713,328.5,840,202,5134792,4.793437768,2.69019608,97.6,1,30,0.534,0.372641,542502700,19,0.005564035,0.076419938,78,40,38,133
PRJEB47665,Viridiplantae,HiFi+Hi-C,,,170704,20,13,2,5,16.66600146,1196373,3300.5,2228428.143,1905.5,1242673.25,551,8484420,6.077866603,3.518579737,99.4,3.6,11,0.7605,0.214362,1200047897,107,0.001022266,0.044204672,18,9,3,19
PRJEB47678,Viridiplantae,HiFi+Hi-C,,,98881,1,0,1,0,2.779230273,585007,585007,,585007,585007,585007,585007,5.767161063,5.767161063,96.6,8.9,5,0.5484,0.509258,359811855,89,1.18E-05,0.006508187,1,1,1,1
PRJEB47784,Metazoa,HiFi+Hi-C,,,54274,105,105,0,0,201.3251416,782.4380952,560,732.0017592,377,884,227,6324,2.893449987,2.748188027,96.3,0.7,5,0.4517,0.22695,521544399,102,0.013308225,0.07488939,73,17,18,90
PRJEB47849,Metazoa,HiFi+Hi-C,,,71021,113,106,7,0,210.4723921,10912.23009,652,72161.43134,368,1267,229,746747,4.037913515,2.814247596,96.7,0.6,5,0.5265,0.309768,536887517,317,0.000488073,0.05908172,87,32,28,112
PRJEB47850,Viridiplantae,HiFi+Hi-C,,,103123,1,1,0,0,2.7805208,757,757,,757,757,757,757,2.87909588,2.87909588,97.1,8.8,11,0.5405,0.556129,359644855,30,1.35E-05,0.002426098,0,1,1,1
PRJEB47867,Viridiplantae,HiFi+Hi-C,,,152894,47,42,2,3,76.60305481,216158,1174,784218.1192,547.5,2626,205,4311307,5.334771313,3.069668097,98.8,52.3,17,0.5937,0.331642,613552555,35,0.012347913,0.154309945,36,16,11,44
PRJEB47989,Metazoa,HiFi+Hi-C,,,29418,38,35,2,1,108.97188,120672.6316,527.5,583545.3337,314,1124.25,217,3523221,5.081608784,2.722222464,97.8,1.2,49,0.4282,0.386489,348713815,18,0.002637352,0.05185693,28,10,7,38
PRJEB48043,Metazoa,HiFi+Hi-C,,,87796,101,95,4,2,148.7021199,59760.19802,482,349432.9731,353,972,206,3244563,4.776412028,2.683047038,95.1,1.5,29,0.5579,0.430768,679210223,22,0.001442582,0.097648667,57,38,41,97
PRJEB48044,Metazoa,HiFi+Hi-C,,,159939,332,319,5,8,209.7213671,101029.3705,526.5,936601.5833,309,819.5,212,15706449,5.004447647,2.721398376,96.6,0.9,19,0.672,0.364652,1583052812,85,0.009916609,0.162705997,135,93,91,322
PRJEB48045,Metazoa,HiFi+Hi-C,,,78478,359,351,5,3,384.6927831,107245.1643,761,1659126.353,373,1274,216,31148797,5.030377719,2.881384657,94.3,0.9,6,0.6426,0.149452,933212204,162,0.004709147,0.089926783,157,48,41,349
PRJEB48046,Metazoa,HiFi+Hi-C,,,105713,188,179,5,4,235.3369611,91778,534,765274.7917,334.5,852,204,9727612,4.962738589,2.727541257,96.7,1.2,23,0.628,0.387493,798854541,45,0.004062633,0.215840322,112,58,55,179
PRJEB48110,Metazoa,HiFi+Hi-C,,,116296,354,354,0,0,264.430335,819.1468927,505,842.3283063,356.25,950.75,200,6537,2.913361788,2.703291378,95.1,1.8,5,0.7398,0.191358,1338726890,254,0,0,260,48,51,351
PRJEB48111,Metazoa,HiFi+Hi-C,,,60276,196,187,3,6,279.3065099,119308.0204,641,747219.5461,398.75,1119,206,7431381,5.07666964,2.80685803,96.1,1.3,5,0.5122,0.17953,701738030,135,0.010219869,0.063042715,99,45,41,185
PRJEB48112,Metazoa,HiFi+Hi-C,,,47198,17,12,4,1,55.09085376,221546.8824,5541,747404.764,2714,16807,1018,3104476,5.345465643,3.74358815,98.4,0.6,50,0.3274,0.461171,308581168,15,0.00294066,0.024059062,16,3,1,17
PRJEB48113,Metazoa,HiFi+Hi-C,,,45606,45,36,6,3,188.6471136,279849.0667,997,1267200.37,415,3467,216,8324572,5.446923863,2.998695158,71.1,4,4,0.5414,0.248295,238540623,73,0.006846007,0.092244824,31,13,6,45
PRJEB48187,Metazoa,HiFi+Hi-C,,,57641,184,183,1,0,319.6790034,4009.826087,574,44339.19337,381,888,207,602139,3.603125537,2.758911892,96.3,1.3,5,0.5025,0.21014,575577370,113,0.012218234,0.099716812,127,25,25,173
PRJEB48253,Metazoa,HiFi+Hi-C,,,48227,116,110,3,3,298.2840605,208081.0517,1330.5,1316927.456,775,1904.75,199,11761020,5.318232534,3.124014879,84.5,0.3,3,0.4929,0.222254,388891045,122,0.005940647,0.057105121,81,33,29,90
PRJEB48325,Metazoa,HiFi+Hi-C,,,74109,96,93,3,0,137.0201308,2722.375,520.5,16455.76044,344.75,679.5,202,157974,3.434947948,2.716420734,97,0.9,31,0.5168,0.313906,700626977,24,0.016463636,0.081059676,50,31,31,86
PRJEB48326,Metazoa,HiFi+Hi-C,,,68028,115,113,0,2,253.355349,65847.18261,354,503878.3463,288,453.5,199,4515254,4.818537198,2.549003262,95.4,0.6,28,0.3985,0.355171,453907922,17,0.011689051,0.036725875,34,21,20,65
PRJEB48327,Metazoa,HiFi+Hi-C,,,79461,86,85,0,1,143.8106344,30437.45349,471.5,275735.1729,316.5,689,204,2557758,4.483408315,2.673481697,97.5,0.9,31,0.4872,0.372343,598008627,21,0.004504526,0.120620317,46,27,29,72
PRJEB48373,Metazoa,HiFi+Hi-C,,,50880,136,133,2,1,319.1013468,25740.47059,513.5,225117.407,362.75,957.25,203,2492802,4.410616482,2.710540448,95.4,1,30,0.4455,0.362658,426196885,15,0.012841942,0.110687841,89,42,41,121
PRJEB48390,Metazoa,HiFi+Hi-C,,,151894,18,15,2,1,15.49581206,109182.7778,1567,329691.4536,585,4819.25,295,1371409,5.038154139,3.195068996,96.4,0.3,43,0.1017,0.203401,1161604176,34,0.001047801,0.006132616,11,5,2,15
PRJEB48391,Metazoa,HiFi+Hi-C,,,57983,64,62,1,1,179.2434349,39363.32813,464.5,236294.775,328,830,205,1767738,4.59509181,2.666985718,96,0.7,31,0.4159,0.420662,357056313,12,0.006006504,0.110817696,38,21,20,57
PRJEB48392,Metazoa,HiFi+Hi-C,,,165807,154,144,7,3,163.0122313,83412.88961,707,610241.3267,402.5,2042.75,208,6370085,4.921233166,2.849419414,98.1,0,18,0.3357,0.45713,944714386,49,0.006261534,0.101102241,86,69,54,140
PRJEB48394,Metazoa,HiFi+Hi-C,,,44992,28,27,1,0,106.0782327,23602.75,528.5,119770.8269,317,953,231,634708,4.372962606,2.723044992,98.1,0.6,3,0.2774,0.397584,263956132,87,0.001941625,0.027311507,9,6,5,25
PRJEB48395,Metazoa,HiFi+Hi-C,,,61500,40,37,0,3,132.3070268,234713.525,456.5,1051899.379,346.5,696.5,251,6351545,5.370538116,2.659440782,93.9,0.9,28,0.3656,0.524623,302327102,11,0.014266033,0.137803316,28,16,15,35
PRJEB48585,Metazoa,HiFi+Hi-C,,,121176,18,16,1,1,19.00671495,151054.5556,434.5,621986.8923,304,991.5,237,2642613,5.179133827,2.637989781,82.1,1.8,9,0.5397,0.389431,947033722,102,0.000234105,0.018025834,8,3,2,18
PRJEB48586,Metazoa,HiFi+Hi-C,,,71437,245,245,0,0,291.3872825,1225.955102,800,1088.476659,440,1774,199,6703,3.088474565,2.903089987,95.2,1,5,0.6604,0.17245,840805398,158,0.007427382,0.058533898,198,37,39,240
PRJEB48590,Metazoa,HiFi+Hi-C,,,69681,62,61,0,1,158.0072686,43855.48387,462,337824.5876,312,1079.75,208,2660968,4.642023907,2.664641976,96.1,1.9,29,0.3586,0.479844,392387012,13,0.004730763,0.124021912,41,30,32,52
PRJEB48673,Metazoa,HiFi+Hi-C,,,51829,51,51,0,0,166.3358388,745.5490196,407,1099.416324,289,736,205,7708,2.872476203,2.609594409,95.4,0.4,30,0.3763,0.391909,306608608,11,0.005360389,0.045011074,15,12,12,46
PRJEB48839,Viridiplantae,HiFi+Hi-C,,,266951,16,12,2,2,12.35737807,460920.25,1341.5,1192958.636,679,15616,215,4209538,5.663625789,3.127590677,99.5,89.3,21,0.6899,0.194572,1294773042,64,0.000927399,0.034376828,12,6,2,14
PRJEB49036,Metazoa,HiFi+Hi-C,,,86498,156,146,7,3,231.3418882,45233.67308,503.5,249006.6514,328.75,1047.5,200,2320322,4.655461855,2.701999475,96.6,1.8,29,0.5362,0.409775,674326648,24,0.005089337,0.246369224,82,53,54,150
PRJEB49038,Metazoa,HiFi+Hi-C,,,55986,51,38,13,0,298.0389963,38832.76471,564,126464.0728,383.5,7460.5,258,817015,4.589198311,2.751279104,96.9,1,48,0.2773,0.495255,171118547,4,0.004492734,0.060759385,34,18,19,44
PRJEB49176,Metazoa,HiFi+Hi-C,,,112228,127,119,3,5,157.46807,188740.811,627,1334507.337,358.5,1147.5,222,13726725,5.275865817,2.797267541,95.4,6.2,7,0.664,0.293927,806512711,103,0.001922247,0.192297575,83,42,40,124
PRJEB49343,Metazoa,HiFi+Hi-C,,,72132,297,290,5,2,504.9238276,79073.46128,824,913396.3018,585,1166,200,12895956,4.89803075,2.915927212,95.4,1.3,4,0.5686,0.221147,588207535,131,0.007208011,0.079208657,183,43,40,289
PRJEB49538,Metazoa,HiFi+Hi-C,,,93515,385,379,3,3,245.6131601,38643.04416,535,436499.9075,365,852,207,7263004,4.587071331,2.728353782,95.7,1.2,30,0.7125,0.190905,1567505584,54,0.006155412,0.140134427,249,66,64,380
PRJEB49539,Metazoa,HiFi+Hi-C,,,51845,25,18,5,2,111.1445572,287666.44,660,948358.7003,444,76678,210,4510764,5.458889199,2.819543936,86.3,0.4,5,#N/A,0.372558,224932292,48,0.005276705,0.03931269,22,9,5,0
PRJEB50456,Metazoa,HiFi+Hi-C,,,92212,145,138,7,0,186.3761332,4608.882759,629,21726.6751,368,1830,199,196671,3.663595661,2.798650645,97,0.4,31,0.4344,0.348176,777996611,27,0.003321807,0.062247856,94,42,43,138
PRJEB50457,Metazoa,HiFi+Hi-C,,,64261,301,297,2,2,465.076299,90082.90033,773,1345197.826,467,1192,202,23054137,4.95464236,2.888179494,95.7,1.9,4,0.6153,0.177502,647205632,181,0.011393992,0.110023331,155,36,33,286
PRJEB50476,Viridiplantae,HiFi+Hi-C,,,138292,31,26,2,3,36.48975884,215158.7419,765,714597.3266,420,1397,201,3138538,5.332758996,2.883661435,97.7,6.1,6,0.6933,0.22645,849553436,167,0.002748607,0.071646418,22,11,9,29
PRJEB50477,Metazoa,HiFi+Hi-C,,,76066,208,207,1,0,368.9138262,1899.274038,527,15485.22715,356.5,931,200,223828,3.278587632,2.721810615,93.9,0.6,29,0.456,0.385843,563817307,21,0.006638923,0.168433941,122,55,57,197
PRJEB50478,Metazoa,HiFi+Hi-C,,,45963,10,6,1,3,47.26366894,776978.2,7652.5,1399743.564,3756.25,798344.75,239,3924736,5.890408834,3.883803338,98.5,0.4,12,0.1809,0.390879,211579004,18,0.005582898,0.028821286,9,7,7,10
PRJEB50713,Metazoa,HiFi+Hi-C,,,85503,153,149,2,2,220.567117,22035.75817,688,151897.474,373,1486,216,1366079,4.343127998,2.837588438,97.8,0.3,9,0.5409,0.35683,693666409,87,0.005300436,0.085848955,81,42,38,149
PRJEB50715,Metazoa,HiFi+Hi-C,,,56563,153,151,0,2,305.9813798,33586.71242,406,324264.537,322,589,200,3829896,4.526167496,2.608526034,97.5,0.6,29,0.5234,0.348649,500030427,18,0.011680668,0.097932917,86,37,38,145
PRJEB50716,Metazoa,HiFi+Hi-C,,,113021,279,271,5,3,301.4237436,84996.60932,543,915891.6556,373.5,844.5,205,11061687,4.929401601,2.73479983,95.7,1,30,0.5925,0.331929,925607242,31,0.005865967,0.180059803,169,59,61,265
PRJEB50717,Metazoa,HiFi+Hi-C,,,62261,170,168,0,2,389.0057154,49647.21765,517,450808.0771,345.25,676.75,205,4299185,4.695894915,2.713490543,97.3,0.6,20,0.5043,0.404674,437011574,24,0.005909331,0.146130414,105,57,56,160
PRJEB50718,Metazoa,HiFi+Hi-C,,,67160,59,57,2,0,153.2589125,1088.966102,452,2892.723564,319,621.5,219,18153,3.037014361,2.655138435,97,0.9,31,0.28,0.423781,384969455,13,0.014784001,0.063395639,33,13,13,50
PRJEB50719,Metazoa,HiFi+Hi-C,,,55203,224,214,6,4,378.6225068,51931.10268,502,427120.6686,345,740.5,201,5806059,4.715427544,2.700703717,96.6,2.4,28,0.5293,0.34168,591618290,21,0.009249729,0.139195411,132,79,81,215
PRJEB50720,Metazoa,HiFi+Hi-C,,,72267,67,65,0,2,135.4591177,86350.20896,449,493710.4499,355.5,841,207,3114555,4.936263393,2.652246341,91.7,1,28,0.4483,0.413207,494614177,20,0.006155536,0.065622979,35,19,21,63
PRJEB50722,Metazoa,HiFi+Hi-C,,,60704,51,51,0,0,111.8273024,819.9803922,429,910.1093009,335.5,870,232,4868,2.913803467,2.632457292,97.3,0.6,31,0.409,0.373955,456060362,16,0.007428692,0.081219392,30,8,9,42
PRJEB50723,Metazoa,HiFi+Hi-C,,,53060,75,73,2,0,218.0376488,1350.68,458,4008.193288,316,1205.5,216,30153,3.130552469,2.660865478,88.8,0.6,25,0.4456,0.408923,343977292,14,0.015640401,0.090079806,47,17,19,65
PRJEB50724,Metazoa,HiFi+Hi-C,,,48921,80,78,1,1,268.732939,41413.9375,509,358176.3841,349.75,764.25,207,3204522,4.617146524,2.706717782,95.2,0.3,30,0.3941,0.412932,297693317,11,0.008993687,0.117762895,42,27,25,79
PRJEB50725,Metazoa,HiFi+Hi-C,,,114106,323,273,43,7,298.2703887,137498.8297,742,896871.3156,367,1649.5,199,10372306,5.138299002,2.870403905,96.6,4.8,31,0.6269,0.272038,1082910045,39,0.00336083,0.203907072,203,99,80,304
PRJEB50727,Metazoa,HiFi+Hi-C,,,51030,68,64,4,0,162.639809,19608,429.5,112192.6473,319.75,618.5,216,888874,4.292433298,2.632963168,96.4,1.2,30,0.4456,0.36088,418101819,14,0.007118415,0.098697294,30,21,17,58
PRJEB50728,Metazoa,HiFi+Hi-C,,,165408,3,0,2,1,2.614633009,1681329.667,27092,2878079.864,19675,2515865.5,12258,5004639,6.225652876,4.432841067,93.5,90.2,50,0.4764,0.368729,1147388559,22,5.97E-05,0.002937291,3,3,2,3
PRJEB50729,Metazoa,HiFi+Hi-C,,,74994,129,124,5,0,230.3833889,2698.589147,533,14192.95901,363,839,202,148793,3.431136769,2.726727209,97.5,0.6,31,0.4408,0.342359,559936203,19,0.003730468,0.070227784,58,30,31,121
PRJEB50730,Metazoa,HiFi+Hi-C,,,85988,110,99,10,1,168.1338994,30854.50909,584,142132.3183,361.5,1093.5,211,1176994,4.489318641,2.766412847,96.7,0.9,32,0.5585,0.383896,654240462,23,0.001678407,0.054562702,53,43,41,108
PRJEB50780,Metazoa,HiFi+Hi-C,,,51204,64,63,1,0,156.7605027,901.34375,413,1821.446418,267.75,851.25,207,14343,2.954890452,2.615950052,90.5,0.6,25,0.3912,0.314581,408266106,16,0.012735584,0.092551627,30,12,12,58
PRJEB50782,Metazoa,HiFi+Hi-C,,,61083,24,18,5,1,89.27253862,122747.2917,1456.5,481918.0852,490,8240.25,251,2360655,5.089011918,3.163310489,96.1,0.9,25,#N/A,0.385875,268839672,39,0.002389914,0.044621448,21,16,18,0
PRJEB50783,Metazoa,HiFi+Hi-C,,,62505,19,5,8,6,56.82723475,632537.7368,111337,938953.736,12859,1160233.5,524,2711716,5.80108644,5.046639515,80.8,72.9,25,0.2274,0.306841,334346728,22,0.00345641,0.015489256,18,15,9,19
PRJEB50785,Metazoa,HiFi+Hi-C,,,115671,74,63,5,6,114.2228111,235218.4459,733,721246.2175,389.5,2175.75,200,4275688,5.371471376,2.865103975,97,0.1,14,0.399,0.45077,647856582,40,0.002209123,0.068683788,39,32,31,67
PRJEB50786,Metazoa,HiFi+Hi-C,,,65235,178,158,14,6,175.8069786,255401.9944,627.5,1766956.114,380.25,1382.5,212,18810570,5.407224284,2.79761373,94.6,0.9,30,0.6049,0.208772,1012474029,36,0.003667083,0.102159963,111,42,32,174
PRJEB50853,Metazoa,HiFi+Hi-C,,,65076,90,84,5,1,345.9287423,22984.07778,561,133594.1974,342,1352.5,201,1074696,4.361427083,2.748962861,91.4,1.5,5,0.3529,0.435373,260169188,54,0.004601437,0.072514298,69,49,53,0
PRJEB50918,Metazoa,HiFi+Hi-C,,,58797,81,49,30,2,221.6153076,224873.4321,2385,883153.1467,627,195864,224,7717693,5.351938148,3.377488383,80.4,0.7,12,0.4619,0.469268,365498218,32,0.002057185,0.128061564,57,45,37,76
PRJEB50970,Metazoa,HiFi+Hi-C,,,154542,1112,1079,27,6,704.0411067,37322.47212,624,519970.2111,383,1202.25,199,11552172,4.571970402,2.79518459,92.4,1.9,10,0.7472,0.187852,1579453230,177,0.008399823,0.129136438,582,193,176,1101
PRJEB51028,Metazoa,HiFi+Hi-C,,,61269,34,25,9,0,146.5575226,95724.88235,856.5,239036.5278,552.5,14356.25,221,965448,4.981024841,2.932727367,89.6,1.2,11,0.2857,0.574098,231990821,20,0.008644265,0.157608711,26,21,14,30
PRJEB51029,Metazoa,HiFi+Hi-C,,,41520,188,182,5,1,469.704719,8606.239362,621.5,92864.50907,368,1166.75,204,1271414,3.934813421,2.793441133,93.9,1.3,16,0.4472,0.200024,400251461,25,0.003862474,0.05859989,89,24,20,185
PRJEB51157,Metazoa,HiFi+Hi-C,,,74907,162,151,8,3,234.6171343,82068.16667,671.5,683434.7948,370.5,1397.25,208,8434812,4.914174732,2.827046017,95.7,1,11,0.6664,0.29264,690486654,72,0.004842974,0.122538454,88,42,36,157
PRJEB51265,Metazoa,HiFi+Hi-C,,,59990,266,256,1,9,571.4456694,127874.2331,502,733807.2485,349.75,859.5,205,6270977,5.106783042,2.700703717,92.4,0.1,23,0.5516,0.41447,465486072,20,0.011512824,0.19331238,175,113,113,257
PRJEB51266,Metazoa,HiFi+Hi-C,,,100778,258,253,1,4,293.8718376,98976.27907,592.5,1185323.669,415,912.5,205,18692010,4.995531123,2.772688355,93.8,1.6,9,0.7683,0.254363,877933735,111,0.00765142,0.192249978,123,63,63,244
PRJEB51331,Metazoa,HiFi+Hi-C,,,135368,94,47,36,11,176.7266391,671688.7021,10104,2069648.697,830,177710.25,260,13969982,5.827168043,4.004493338,74.3,5.5,33,0.4464,0.419164,531894911,24,0.012425499,0.079702255,78,80,72,0
PRJEB51446,Metazoa,HiFi+Hi-C,,,64299,38,34,2,2,110.3443742,108001.0789,758,402551.9067,475,1287.75,239,2016697,5.033428094,2.879669206,96.7,1,31,0.3987,0.444858,344376415,12,0.00267294,0.073144765,26,12,9,36
PRJEB51447,Metazoa,HiFi+Hi-C,,,61406,60,60,0,0,143.028564,794.7833333,431,1203.406931,292.5,720.25,208,6687,2.900248751,2.63447727,97.6,0.3,31,0.3507,0.377094,419496626,14,0.011040717,0.060858129,27,14,16,42
PRJEB51448,Metazoa,HiFi+Hi-C,,,298284,132,119,13,0,84.4651897,10834.43939,674.5,47700.57953,333,1572.25,200,334983,4.034806445,2.828981954,99.6,87.8,38,0.4335,0.515958,1562773972,47,0.002921425,0.053702336,89,61,57,125
PRJEB51449,Metazoa,HiFi+Hi-C,,,189078,279,275,2,2,140.3581439,23835.35125,538,279277.0153,375,935,203,4467503,4.377221556,2.730782276,97.2,1.5,10,0.7498,0.240783,1987772083,185,5.00E-06,0.003389,164,58,59,270
PRJEB51450,Metazoa,HiFi+Hi-C,,,117888,154,121,24,9,152.2414455,274955.8701,913,1247186.877,472,4524.75,223,11836438,5.439262996,2.960470778,90.8,1.5,30,0.3232,0.361673,1011551089,77,0.00824881,0.052053522,103,77,68,138
PRJEB51463,Metazoa,HiFi+Hi-C,,,53189,199,195,1,3,312.4813988,346990.2161,558,3715144.552,376,1059,213,51074220,5.540317229,2.746634199,89.9,1.5,5,0.5094,0.181279,636837907,129,0.011042164,0.065390635,95,34,35,180
PRJEB51464,Metazoa,HiFi+Hi-C,,,51424,138,135,2,1,392.7846641,11051.37681,1072,110410.6209,602.5,1426.25,229,1297313,4.043416387,3.030194785,94.8,1.8,6,0.3844,0.32718,351337546,58,0.012558897,0.071359581,87,39,41,79
PRJEB51914,Metazoa,HiFi+Hi-C,,,63309,80,74,5,1,114.7535316,23382.5875,528,141300.6852,369.25,1357.25,203,1230429,4.368892568,2.722633923,93.5,0.4,5,0.6012,0.169473,697146300,134,0.003335543,0.047186522,60,15,13,0
PRJEB51916,Metazoa,HiFi+Hi-C,,,46704,67,57,9,1,226.9888465,57931.25373,716,283453.6136,398.5,2543,218,2245720,4.762912927,2.854913022,97.6,0.9,28,0.2855,0.200543,295168688,22,0.002904365,0.06846803,45,21,13,64
PRJEB52019,Metazoa,HiFi+Hi-C,,,69136,210,199,9,2,359.1441986,45845.54286,588,417627.1739,373.75,1268.25,204,4367736,4.66129712,2.769377326,93.5,0.6,29,0.4681,0.322912,584723353,21,0.004138171,0.110866419,111,53,48,197
PRJEB52021,Fungi,HiFi+Hi-C,,,13254,3,2,1,0,222.1889926,13004,4181,18510.17928,2368.5,19228,556,34275,4.114076961,3.621280168,78.7,1.2,5,0.0146,0.644101,13502019,2,0.002924012,0.009421008,3,2,2,2
PRJEB52023,Metazoa,HiFi+Hi-C,,,75819,143,130,12,1,221.4896559,73870.02098,696,633973.0192,351,1250.5,207,7510827,4.868468222,2.84260924,96.9,1.3,30,0.5449,0.394946,645628345,23,0.003407168,0.068021963,87,49,52,141
PRJEB52208,Metazoa,HiFi+Hi-C,,,58374,49,48,1,0,129.6384433,1350.653061,500,4665.127475,357,744,223,33074,3.130543807,2.698970004,97.2,0.9,19,0.4669,0.415771,377974301,22,0.006050749,0.091292316,30,17,22,43
PRJEB52210,Viridiplantae,HiFi+Hi-C,,,77820,1,1,0,0,3.560627243,789,789,,789,789,789,789,2.897077003,2.897077003,98.9,2.8,8,0.4865,0.372075,280849393,36,1.86E-05,0.00810873,1,1,1,0
PRJEB52212,Fungi,HiFi+Hi-C,,,35199,37,22,15,0,938.2390455,10367.05405,5835,11816.5044,1303,13795,311,49787,4.015655363,3.76604086,98.7,2,9,0.1764,0.572193,39435579,5,0.004535518,0.187626312,28,23,17,29
PRJEB52214,Fungi,HiFi+Hi-C,,,26124,10,4,6,0,330.7972432,11973.5,14589.5,9626.8711,1687,20452.75,289,23494,4.078221119,4.164040408,98,1.1,15,0.1337,0.635767,30229998,2,0.010886224,0.051705026,8,9,5,8
PRJEB52474,Metazoa,HiFi+Hi-C,,,70490,110,107,0,3,210.6963633,60716.00909,487,380874.6895,337,743.75,208,3147123,4.783303217,2.687528961,97,1,31,0.4147,0.373166,522078304,18,0.00912078,0.096740638,43,32,30,104
PRJEB52476,Metazoa,HiFi+Hi-C,,,56187,40,38,1,1,117.7713776,74398.975,733.5,436282.89,373.75,1479.25,243,2758838,4.871566952,2.865400118,96.7,0.9,31,0.2262,0.378989,339641098,12,0.012153251,0.053234085,22,8,7,31
PRJEB52478,Metazoa,HiFi+Hi-C,,,65040,141,141,0,0,205.241185,814.9361702,614,631.6055529,390,1019,213,4057,2.911123594,2.788168371,95.2,1.6,5,0.5953,0.196868,686996618,130,0.009729284,0.074814902,108,27,28,125
PRJEB52572,Metazoa,HiFi+Hi-C,,,107465,749,706,32,11,853.3280952,52609.78238,528,422299.6088,393,756,205,8677759,4.721066505,2.722633923,94.9,2.4,38,0.6873,0.308301,877739763,26,0.008709225,0.125952374,328,208,186,523
PRJEB52574,Metazoa,HiFi+Hi-C,,,50466,105,103,2,0,299.1475364,7548.114286,426,66984.29953,304,621,200,685837,3.877838467,2.629409599,94.9,0.4,30,0.4128,0.372713,350997375,13,0.008567133,0.103891269,60,32,31,94
PRJEB52576,Viridiplantae,HiFi+Hi-C,,,116198,60,33,23,4,118.7757411,595104.9833,4294.5,2583671.638,557.5,107871,231,18346085,5.774593587,3.632912607,98.9,5.6,7,0.5813,0.292695,505153657,68,0.003078416,0.125227492,52,34,19,56
PRJEB52580,Metazoa,HiFi+Hi-C,,,122696,247,239,6,2,200.3546004,20253.23887,606,146003.3912,412,1272,203,1604782,4.306494485,2.782472624,93.9,0.7,29,0.6557,0.286207,1232814218,44,0.004191872,0.16847354,149,74,73,236
PRJEB52654,Metazoa,HiFi+Hi-C,,,93408,234,214,14,6,258.0344069,272224.4316,591,2838493.025,361.5,1469.25,199,42248814,5.4349271,2.771587481,94,5.8,5,0.6688,0.186626,906855806,184,0.00954129,0.160772467,170,38,21,232
PRJEB52656,Metazoa,HiFi+Hi-C,,,45639,6,3,3,0,20.24243255,11829.16667,5902.5,14402.21527,472.5,21242.25,295,33857,4.072954151,3.771035996,98.2,0.3,50,0.3925,0.255187,296407064,13,0.003845735,0.040663674,5,1,1,5
PRJEB52658,Metazoa,HiFi+Hi-C,,,53919,63,62,1,0,132.7750615,1444.031746,639,3344.888021,325.5,1304,202,25898,3.159576741,2.805500858,97.3,2.1,31,0.4594,0.343399,474486694,17,0.002812918,0.082359099,40,21,21,62
PRJEB52796,Metazoa,HiFi+Hi-C,,,55740,57,54,2,1,228.6834956,30911.38596,524,211050.9403,387,1119,224,1593007,4.490118478,2.719331287,94.5,1.2,4,0.4052,0.311456,249252793,65,0.003223069,0.065572365,38,21,13,52
PRJEB52798,Metazoa,HiFi+Hi-C,,,21222,118,109,7,2,302.9636907,66567.78814,495.5,485644.6518,301.75,1086.25,203,4085118,4.823264127,2.695043659,97,0.9,31,0.3991,0.151941,389485617,13,0.004812111,0.121064563,84,27,25,107
PRJEB52862,Metazoa,HiFi+Hi-C,,,15837,33,9,21,3,143.8049914,322361.9091,122327,462623.1727,4427,383311,219,1805326,5.508343719,5.087522325,82.4,34.4,48,0.3719,0.134724,229477431,6,0.002382155,0.034433786,32,26,11,32
PRJEB52924,Metazoa,HiFi+Hi-C,,,119007,93,68,19,6,256.8251519,155236.7527,1259,542706.4586,427,13996,208,3579552,5.190994549,3.10002573,96.4,0.9,16,0.4714,0.475036,362114066,29,0.002266726,0.095822373,65,63,66,89
PRJEB52926,Metazoa,HiFi+Hi-C,,,113397,353,347,2,4,290.3068811,38284.21246,626,411965.2006,375,1151,201,6859727,4.583019718,2.796574333,95.1,0.9,5,0.7095,0.205051,1215954643,230,0.00074873,0.07859825,255,57,53,350
PRJEB53160,Viridiplantae,HiFi+Hi-C,,,101197,11,8,1,2,27.20552778,553775,1534,1142124.668,482.5,198302.5,323,3047154,5.743333346,3.18582536,92.6,8.9,7,0.5899,0.39564,404329594,72,0.000464139,0.007912535,9,6,6,11
PRJEB53162,Metazoa,HiFi+Hi-C,,,122646,530,431,83,16,498.0173113,108041.2962,799.5,564878.3047,417.25,2260.5,200,6310132,5.033589786,2.902818468,90.8,4,31,0.72,0.22153,1064220034,41,0.011326941,0.111291613,369,174,131,509
PRJEB53240,Metazoa,HiFi+Hi-C,,,69663,1,1,0,0,0.912549936,658,658,,658,658,658,658,2.818225894,2.818225894,87.5,1.8,2,0.5508,0.187893,1095830442,598,0,0,0,0,0,0
PRJEB53246,Metazoa,HiFi+Hi-C,,,233361,698,570,110,18,302.9228441,114061.9628,847.5,542991.9691,457.75,3309.25,199,8893031,5.057140841,2.928139707,97,2.1,31,0.5694,0.239102,2304217109,87,0.008774696,0.16786149,406,236,180,640
PRJEB53394,Metazoa,HiFi+Hi-C,,,72781,274,240,33,1,330.7377398,23815.44891,843,102819.9959,414.5,2140.5,199,1139217,4.376858772,2.925827575,94,1.3,6,0.6882,0.156278,828450966,158,0.004312809,0.12259803,211,57,39,268
PRJEB53405,Metazoa,HiFi+Hi-C,,,113295,109,66,37,6,149.3893146,214160.3486,1265,780920.136,464,100746,210,6981550,5.330739065,3.102090526,92.4,3.3,18,0.4687,0.474294,729637192,40,0.004889119,0.086095459,91,61,52,103
PRJEB53476,Metazoa,HiFi+Hi-C,,,28950,69,33,30,6,143.4846747,270363.4783,16172,704052.9627,946,156910,239,4549514,5.431948025,4.208763733,82.7,2.2,12,0.5283,0.107842,480887594,52,0.01645606,0.167684744,60,21,7,64
PRJEB53488,Fungi,HiFi+Hi-C,,,26835,12,5,7,0,376.6428336,26051.08333,18032,27930.7587,5538.75,34842.5,595,81950,4.415825788,4.256043899,80.7,1.7,12,0.116,0.580925,31860423,3,0.013799431,0.137671965,10,9,7,10
PRJEB53502,Metazoa,HiFi+Hi-C,,,57443,76,76,0,0,217.4676687,1152.236842,972,807.2879019,529.75,1490.25,225,4477,3.061541757,2.987666265,95.5,0.7,5,0.3317,0.275721,349477237,63,0.014484725,0.038612605,40,24,23,46
PRJEB53555,Metazoa,HiFi+Hi-C,,,69119,237,186,37,14,109.2110468,355011.3418,924,1609105.974,468,4928,202,15741040,5.550242228,2.965671971,82.6,3,24,0.3819,0.071891,2170110139,105,0.005434079,0.032817595,150,40,9,220
PRJEB53557,Metazoa,HiFi+Hi-C,,,41547,22,18,4,0,74.6709243,42826.59091,849.5,179563.0676,574.25,1812.25,262,845468,4.631713505,2.929163383,95.5,0.1,44,0.3589,0.211153,294626057,15,0.006730288,0.037659863,14,5,4,17
PRJEB53559,Viridiplantae,HiFi+Hi-C,,,105907,41,40,1,0,61.92213228,2135.390244,671,5675.986253,381,1732,218,36187,3.329477254,2.82672252,98.3,4,14,0.6359,0.33554,662121902,48,0.008209793,0.162505826,25,15,18,36
PRJEB53561,Metazoa,HiFi+Hi-C,,,117087,84,57,9,18,106.0682023,1294052.976,1016,4364054.895,434.25,540453,243,34356580,6.111952056,3.006893708,71.1,0.3,25,0.586,0.517071,791943280,63,0.008241061,0.131890933,62,48,53,82
PRJEB53605,Metazoa,HiFi+Hi-C,,,37296,95,75,19,1,538.5135815,44003.4,690,233949.1955,411,2430.5,203,2164222,4.643486234,2.838849091,80.4,0.9,5,0.157,0.314758,176411521,31,0.01237261,0.069645959,87,37,28,85
PRJEB53607,Metazoa,HiFi+Hi-C,,,41277,17,16,1,0,77.20311182,1962.941176,850,3549.194635,657,1163,311,15020,3.292907285,2.929418926,97.8,0.1,16,0.1716,0.346209,220198378,14,0.004128717,0.024643055,7,5,4,15
PRJEB53609,Metazoa,HiFi+Hi-C,,,56336,15,12,2,1,51.07985539,208094.3333,703,775977.3365,396.5,3256,259,3012288,5.318260254,2.846955325,97.3,1,31,0.321,0.47122,293657840,10,0.002513979,0.036565548,12,7,6,13
PRJEB53611,Metazoa,HiFi+Hi-C,,,50913,43,42,1,0,135.9842379,1616.069767,549,5190.555106,387.5,1037.5,257,34069,3.208460106,2.739572344,94.9,1.3,31,0.3861,0.37647,316213119,11,0.008065949,0.088630687,28,7,5,39
PRJEB53680,Metazoa,HiFi+Hi-C,,,98460,166,161,3,2,211.281981,56063.88554,566.5,595830.1758,358.5,1002.5,202,7600321,4.748683194,2.753199914,96.6,1.6,30,0.5257,0.347813,785679873,27,0.009051395,0.099512959,90,38,40,140
PRJEB53728,Metazoa,HiFi+Hi-C,,,94610,92,51,28,13,174.0739955,1088426.609,1537,5323368.066,467.75,294589,207,49499202,6.03679915,3.186673867,79.3,1.3,30,0.39,0.551377,528510877,54,0.010537002,0.152828731,71,61,75,82
PRJEB53730,Metazoa,HiFi+Hi-C,,,79864,123,114,7,2,184.721912,64427.03252,516,515754.2533,364,1034,200,5461227,4.809068128,2.712649702,96.9,1.2,31,0.5302,0.361158,665865780,23,0.005831363,0.12904512,76,45,46,122
PRJEB53857,Metazoa,HiFi+Hi-C,,,84942,151,141,6,4,149.2932423,151176.8874,1335,1049271.523,533.5,2798,211,10774707,5.179485399,3.125481266,94.5,2.1,4,0.7002,0.138161,1011432250,286,1.73E-05,0.000209227,81,24,18,147
PRJEB53925,Metazoa,HiFi+Hi-C,,,66074,85,77,5,3,154.0601061,284310.3176,980,1497428.848,507,1403,220,10117631,5.453792621,2.991226076,92.6,0.7,3,0.5435,0.223315,551732711,153,0.004574016,0.075775504,49,22,15,76
PRJEB53933,Metazoa,HiFi+Hi-C,,,112831,203,196,2,5,215.3867075,104393.1921,556,760520.3555,355.5,831.5,203,8897311,5.018672178,2.745074792,97,2.7,27,0.5788,0.324211,942490845,33,0.010128835,0.133945243,101,59,64,191
PRJEB54602,Metazoa,HiFi+Hi-C,,,81222,76,71,3,2,95.25543483,124125.5132,738.5,716157.4044,389,1456,208,5851832,5.093861057,2.8683505,97.2,1.2,25,0.5713,0.291937,797854738,33,0.00052289,0.024100249,49,21,19,74
PRJEB54796,Metazoa,HiFi+Hi-C,,,34857,74,52,21,1,150.499799,137745.7027,937.5,650363.6145,449.25,17857.5,210,5449133,5.139078059,2.971971276,96.3,1.9,19,0.4997,0.171739,491695009,35,0.002276799,0.076260519,52,20,11,68
PRJEB54800,Metazoa,HiFi+Hi-C,,,62598,183,177,5,1,314.1296975,43163.35519,829,517148.8854,537.5,1221.5,206,6985097,4.635115196,2.918554531,89.7,0.7,4,0.5935,0.193089,582561921,147,0.010228693,0.090454269,115,28,24,173
PRJEB54802,Metazoa,HiFi+Hi-C,,,77916,312,309,2,1,346.845484,12019.37179,602.5,160800.8974,391.75,1270.75,217,2772595,4.079881769,2.779957051,96.7,1.2,15,0.6122,0.304664,899536002,62,0.004443718,0.069795033,192,68,69,303
PRJEB54804,Metazoa,HiFi+Hi-C,,,67244,219,210,9,0,409.7818942,6103.374429,713,33621.83949,436,1262,204,290495,3.785570014,2.85308953,95.7,2.1,5,0.5611,0.200728,534430640,143,0.011297154,0.134677192,142,24,16,202
PRJEB54806,Metazoa,HiFi+Hi-C,,,78118,165,142,13,10,259.1316322,174736.9879,545,717705.4201,333,1620,212,4954037,5.242384845,2.736396502,90.8,0.3,30,0.6139,0.386865,636742024,22,0.003719072,0.154579717,114,70,68,160
PRJEB54937,Metazoa,HiFi+Hi-C,,,51933,35,18,8,9,80.98879563,654239.4571,5025,1019723.833,393,1028190.5,204,3993412,5.815736733,3.701136066,93.8,3,29,0.4574,0.351978,432158544,16,0.002522818,0.012301542,27,20,15,30
PRJEB54941,Metazoa,HiFi+Hi-C,,,61395,185,179,5,1,405.563475,22914.32432,445,284489.3598,301,793,199,3869491,4.360107056,2.648360011,95.2,1.5,31,0.4662,0.381122,456155476,16,0.007906305,0.146894776,102,57,54,167
PRJEB54943,Metazoa,HiFi+Hi-C,,,149933,350,292,52,6,358.4938404,62364.65429,703.5,332594.302,413,1310.25,211,3836296,4.794938519,2.847264102,92.6,1,36,0.581,0.637786,976306872,32,0.014366568,0.167629057,185,256,238,323
PRJEB55018,Metazoa,HiFi+Hi-C,,,81296,119,116,2,1,181.0295482,54843.0084,560,515329.3185,343.5,854,199,5567999,4.73912127,2.748188027,95.4,1,29,0.5518,0.422278,657351251,22,0.00530383,0.125352185,74,49,50,114
PRJEB55020,Metazoa,HiFi+Hi-C,,,60939,34,33,0,1,94.15532118,109381.1765,510.5,634127.7565,363.75,788.75,268,3698197,5.03894259,2.707995746,97,0.6,31,0.2543,0.424918,361105454,12,0.011436131,0.056157779,12,6,7,27
PRJEB55022,Metazoa,HiFi+Hi-C,,,63770,48,47,1,0,129.9905692,9404.416667,628,58416.47482,354.25,1406,224,405653,3.973331862,2.797959644,94,0.9,29,0.3371,0.461814,369257557,13,0.006885505,0.048414066,30,16,16,46
PRJEB55024,Metazoa,HiFi+Hi-C,,,73667,155,148,5,2,268.3785232,343897.8065,589,4095666.833,343.5,1098,211,50985042,5.536429406,2.770115295,95.1,1.8,5,0.5768,0.244398,577542488,112,0.005512243,0.118870266,120,39,35,148
PRJEB55026,Metazoa,HiFi+Hi-C,,,58789,115,113,2,0,327.7282176,2341.991304,524,15124.89951,329,910.5,205,162022,3.369585278,2.719331287,96.6,0.6,31,0.3957,0.420474,350900514,12,0.007674097,0.095962288,73,25,25,108
PRJEB55028,Metazoa,HiFi+Hi-C,,,116264,264,253,6,5,253.5424217,122583,533.5,1031956.698,317.25,1282.25,201,13114658,5.088430246,2.727134424,96.6,1.5,28,0.6648,0.351502,1041245872,37,0.001917764,0.146816855,158,84,91,260
PRJEB55030,Metazoa,HiFi+Hi-C,,,140836,302,294,7,1,283.7469596,15454.69868,635.5,185879.8222,416.25,1309,215,3177893,4.189060542,2.803115555,95.8,1.8,2,0.6226,0.223139,1064328585,687,0,0,183,61,62,290
PRJEB55132,Metazoa,HiFi+Hi-C,,,60263,75,74,0,1,185.8876459,39745.61333,464,338907.016,313,764.5,203,2935630,4.599289203,2.666517981,96.6,0.9,31,0.366,0.396183,403469524,14,0.009864659,0.084989235,38,20,20,66
PRJEB55134,Metazoa,HiFi+Hi-C,,,88698,71,65,2,4,128.0866353,133121.6056,570,524158.1374,403.5,1316,204,3055701,5.124248547,2.755874856,95.8,1.9,26,0.5365,0.581062,554312320,21,0.003134813,0.112547897,36,34,33,70
PRJEB55136,Metazoa,HiFi+Hi-C,,,66150,74,63,9,2,133.6303428,63562.81081,648,261096.365,402.25,1450.5,214,1859018,4.803203094,2.811575006,89.3,1.5,28,0.5319,0.22703,553766446,76,0.010372677,0.091766532,45,19,14,67
PRJEB55138,Metazoa,HiFi+Hi-C,,,71799,105,103,1,1,186.2034336,32045.70476,427,307965.2835,312,603,200,3153952,4.505769827,2.630427875,97,1,31,0.4708,0.350497,563899376,20,0.01214124,0.077194401,47,16,17,87
PRJEB55336,Metazoa,HiFi+Hi-C,,,75624,86,86,0,0,160.984123,901.127907,526,951.0662227,358.25,1069.25,202,6052,2.95478644,2.720985744,89.9,0.6,26,0.4896,0.410438,534214172,22,0.006897301,0.109453087,45,22,24,75
PRJEB55338,Viridiplantae,HiFi+Hi-C,,,202003,65,54,6,5,76.61969467,206335.1385,969,746694.2846,404,4306,216,4861016,5.314573194,2.986323777,99.3,50.1,24,0.6074,0.472311,848345850,37,0.008819528,0.059457032,43,42,45,55
PRJEB55340,Metazoa,HiFi+Hi-C,,,126040,64,34,16,14,111.6927203,676324.3125,3991,1365436.046,969.5,290306.5,280,5557013,5.830155,3.601081728,96,0.9,25,0.3574,0.61172,573000638,22,0.005620665,0.074786995,49,44,33,62
PRJEB55342,Metazoa,HiFi+Hi-C,,,60444,68,67,1,0,189.7168152,11285.52941,544,86519.94974,332.5,913.75,207,714210,4.052521937,2.7355989,95.7,1.2,30,0.3866,0.443456,358428956,13,0.01076114,0.120355658,41,13,14,59
PRJEB55447,Metazoa,HiFi+Hi-C,,,94758,236,224,5,7,306.4886516,136091.9237,553,898352.2914,417.75,780.5,212,10482170,5.133832353,2.742725131,93.3,1.3,29,0.6284,0.376872,770012197,29,0.004845101,0.156978301,141,79,84,233
PRJEB55449,Metazoa,HiFi+Hi-C,,,72315,177,172,2,3,309.193523,38391.9774,514,237908.1587,352,1036,215,1892408,4.584240481,2.710963119,87.4,0.7,23,0.4738,0.342226,572457011,25,0.009956754,0.131341241,108,52,54,165
PRJEB55491,Metazoa,HiFi+Hi-C,,,76100,204,191,5,8,226.3532384,966145.3039,581.5,6592125.902,445,681,208,75255064,5.985042447,2.764549719,82.3,5.2,5,0.6556,0.205576,901246218,204,0.008388578,0.087120886,155,36,31,195
PRJEB55568,Metazoa,HiFi+Hi-C,,,50322,2,0,0,2,11.42747237,3580800,3580800,2577534.325,2669504,4492096,1758208,5403392,6.553980065,6.553980065,89.9,0.3,8,0.1386,0.4673,175016831,25,0.00029106,0.002197973,2,2,1,2
PRJEB55572,Metazoa,HiFi+Hi-C,,,65654,85,85,0,0,196.2821618,875.2352941,587,755.9989551,406,930,242,3574,2.942124822,2.768638101,96.7,0.6,27,0.5114,0.430972,433050050,16,0.003163906,0.098987029,47,28,28,83
PRJEB55574,Metazoa,HiFi+Hi-C,,,68907,146,144,0,2,231.6942834,46083.39726,543,411686.6191,388.25,1202.75,209,4541962,4.663544488,2.73479983,96.1,1.3,31,0.4895,0.350994,630140709,21,0.008152908,0.095159826,80,30,32,138
PRJEB55593,Metazoa,HiFi+Hi-C,,,61319,36,34,2,0,102.6406093,12035.94444,800.5,47977.03092,404.5,1870,222,265037,4.080480174,2.903361336,95.4,1,8,0.4194,0.299707,350738370,47,0.003867821,0.059253724,24,7,6,35
PRJEB55601,Metazoa,HiFi+Hi-C,,,77495,100,92,3,5,151.8283679,213258.03,611,1041615.946,369.25,1292.5,209,8817683,5.328905393,2.78604121,88.4,0.9,26,0.5642,0.371076,658638444,27,0.003482984,0.159012204,55,36,32,95
PRJEB55603,Metazoa,HiFi+Hi-C,,,51266,59,51,4,4,222.85372,200452.7797,1068,842439.8939,577,1879.5,213,5770759,5.302012083,3.028571253,79.2,1.5,8,0.4121,0.381811,264747656,34,0.0079887,0.079611613,47,21,20,51
PRJEB55720,Metazoa,HiFi+Hi-C,,,52004,42,42,0,0,179.4394095,870.2380952,449.5,1155.572624,325.5,955.75,201,6942,2.939638091,2.652729696,88.5,0.6,24,0.2432,0.466573,234062295,10,0.009913856,0.11979328,23,14,13,31
PRJEB55722,Metazoa,HiFi+Hi-C,,,58666,68,68,0,0,183.6422001,774.4117647,470.5,748.7371305,328,840.75,208,3586,2.888971942,2.672559628,97,0.7,31,0.4112,0.43664,370285261,13,0.004076398,0.069904461,39,30,30,58
PRJEB55724,Metazoa,HiFi+Hi-C,,,54288,37,35,2,0,119.9011186,27510.94595,511,144388.7986,335,797,211,873684,4.439505524,2.7084209,96.9,1.2,31,0.3152,0.42152,308587613,10,0.002983574,0.051022342,20,13,11,32
PRJEB55726,Metazoa,HiFi+Hi-C,,,13162,170,155,10,5,136.9178524,457986.7471,655.5,2699337.202,380.75,1578.5,231,22736140,5.660852911,2.816572696,83.8,1.3,10,0.5849,0.02323,1241620410,125,0.00692754,0.103864422,98,11,8,166
PRJEB55728,Metazoa,HiFi+Hi-C,,,74040,14,10,4,0,53.65471629,32117.78571,3286,55785.44253,555.25,31093,243,162092,4.506745596,3.516667559,98.5,0.4,23,0.2844,0.499486,260927668,11,0.004350521,0.042279863,9,6,3,13
PRJEB55730,Metazoa,HiFi+Hi-C,,,62084,52,49,3,0,116.2101755,18544.17308,456,96408.33712,347.25,1098.25,210,660480,4.268207472,2.658964843,97.3,1.2,30,0.4906,0.38581,447465119,15,0.003600651,0.071226123,26,16,16,49
PRJEB55732,Metazoa,HiFi+Hi-C,,,79265,299,298,1,0,323.6260001,1634.765886,538,14934.32653,344.5,964.5,207,258746,3.213455566,2.730782276,95.5,0.9,26,0.5787,0.27676,923905990,38,0.006720888,0.078776136,134,58,59,281
PRJEB55736,Metazoa,HiFi+Hi-C,,,98534,201,195,2,4,253.8351319,116780.2786,500,940985.1118,321,919,201,9386917,5.067369507,2.698970004,95.4,1.3,27,0.5761,0.346054,791852564,28,0.008050694,0.127417529,117,65,66,178
PRJEB55740,Metazoa,HiFi+Hi-C,,,78759,170,170,0,0,268.384156,754.4176471,495,690.7106509,346.25,899.25,205,5981,2.877611839,2.694605199,97,1.2,30,0.4873,0.367946,633420402,21,0.009758269,0.102758796,84,44,47,163
PRJEB55742,Metazoa,HiFi+Hi-C,,,51818,35,34,1,0,78.92605649,7478.914286,893,36713.94294,455.5,1651.5,230,218375,3.873838556,2.950851459,94.9,0.9,5,0.438,0.212823,443453044,79,0.001670072,0.024481621,22,6,4,33
PRJEB55744,Metazoa,HiFi+Hi-C,,,59130,39,38,0,1,92.04257245,61826.15385,441,382220.6385,346.5,768.5,206,2387586,4.79117223,2.644438589,97.5,0.7,31,0.385,0.358719,423716971,15,0.00404704,0.042239996,15,12,11,36
PRJEB55750,Metazoa,HiFi+Hi-C,,,45822,24,22,1,1,98.2651565,86850.5,482.5,376270.6129,322,1809.25,204,1840736,4.938772323,2.683497318,98.7,0.7,16,0.2381,0.363557,244237132,15,0.002300152,0.046648344,17,8,7,22
PRJEB55797,Metazoa,HiFi+Hi-C,,,76620,130,129,1,0,201.217229,1159.3,583,3924.727464,380.75,1030,201,44664,3.064195836,2.765668555,96.6,0.9,31,0.5196,0.358365,646067937,22,0.008692941,0.143816456,81,49,51,125
PRJEB55880,Metazoa,HiFi+Hi-C,,,58208,45,42,1,2,145.8570856,93550.15556,608,416988.1294,349,924,204,2220699,4.971044514,2.783903579,97.5,0.7,30,0.3583,0.442744,308521179,11,0.00537491,0.134221031,26,14,15,45
PRJEB55882,Metazoa,HiFi+Hi-C,,,50786,55,55,0,0,166.7598602,650.4,480,467.0624354,334,679.5,205,1747,2.813180533,2.681241237,94,0.6,29,0.4503,0.402929,329815580,12,0.00803968,0.064287908,24,21,21,55
PRJEB55884,Metazoa,HiFi+Hi-C,,,72523,122,115,5,2,185.8534315,61362.92623,684.5,406290.9292,370.25,1565.75,219,4244158,4.787906062,2.835373452,96.6,0.7,28,0.5282,0.374886,656431248,25,0.004586686,0.143700285,68,46,50,116
PRJEB55886,Metazoa,HiFi+Hi-C,,,59288,52,51,0,1,91.0365078,92702.96154,563.5,661087.7199,357.5,1121,253,4768188,4.967093609,2.75089392,95.5,0.7,30,0.4727,0.323153,571199415,20,0.001527586,0.045769507,29,14,16,48
PRJEB55888,Metazoa,HiFi+Hi-C,,,58941,45,41,1,3,77.97639216,301060.1778,805,1136624.999,463,2236,223,5248241,5.478653314,2.90579588,95.2,1.2,5,0.6261,0.184505,577097744,118,0.003185462,0.046062093,31,9,5,44
PRJEB55890,Metazoa,HiFi+Hi-C,,,271640,108,98,3,7,119.9525626,435986.1852,774,2036094.11,430.75,1472.25,204,13608116,5.639472728,2.888740961,95.7,2.5,13,#N/A,0.387579,900355921,171,0,0,95,41,44,0
PRJEB55935,Metazoa,HiFi+Hi-C,,,50861,53,50,3,0,174.2853267,19333.43396,595,83409.16264,330,1117,201,515377,4.286308999,2.774516966,96.9,0.6,17,0.3069,0.418563,304099037,17,0.003534073,0.041963157,25,13,11,52
PRJEB55939,Metazoa,HiFi+Hi-C,,,91768,102,101,1,0,151.1175458,4477.588235,586,36808.86788,358.25,1069.25,199,372527,3.651044153,2.767897616,95.2,0.7,5,0.5169,0.290477,674971258,126,0.009268156,0.064781733,62,24,22,100
PRJEB55941,Metazoa,HiFi+Hi-C,,,58297,103,100,2,1,221.0956936,196239.2136,964,1869282.486,515.5,1455.5,209,18963097,5.292785795,2.984077034,95.7,0.7,4,0.5227,0.226547,465861629,119,0.007126505,0.111302391,60,30,26,91
PRJEB55943,Metazoa,HiFi+Hi-C,,,73223,173,170,1,2,344.555478,57432,455,592867.0181,311,710,204,7443624,4.75915394,2.658011397,97,1.2,26,0.5079,0.429469,502096211,19,0.006036974,0.182664258,97,63,64,164
PRJEB55947,Metazoa,HiFi+Hi-C,,,121348,2,1,0,1,2.279941999,6519955.5,6519955.5,9218984.563,3260552.25,9779358.75,1149,13038762,6.814244632,6.814244632,97.8,94.2,30,0.5,0.414498,877215298,33,4.48E-05,0.001745305,2,1,2,2
PRJEB55949,Metazoa,HiFi+Hi-C,,,62619,68,68,0,0,177.1823192,858.3676471,551,816.5610616,383.75,988.5,201,4695,2.93367334,2.741151599,97.2,0.6,31,0.4121,0.42886,383785472,13,0.009098985,0.099723325,37,24,25,67
PRJEB55953,Metazoa,HiFi+Hi-C,,,59605,82,79,1,2,230.9401867,55396.84146,427.5,392275.4039,290.25,803,209,3416278,4.743485003,2.630936119,96.7,1,31,0.417,0.417601,355070294,12,0.009984476,0.133020297,50,34,33,75
PRJEB55955,Metazoa,HiFi+Hi-C,,,77495,127,119,5,3,212.385832,281588.9685,472,1995760.022,321,664,207,19767393,5.449615637,2.673941999,97,7.9,30,0.5395,0.40592,597968324,21,0.009563197,0.196926921,80,38,37,121
PRJEB55959,Metazoa,HiFi+Hi-C,,,64298,63,57,3,3,150.9159068,90869.85714,489,317493.187,299,1431.5,205,1556411,4.958419845,2.689308859,94,1.6,28,0.4508,0.418397,417451025,14,0.007109503,0.108219968,42,20,21,60
PRJEB55965,Metazoa,HiFi+Hi-C,,,24743,8,8,0,0,73.00546536,853.25,598,674.4317714,491.5,948.75,229,2338,2.931076297,2.776701184,63.1,0.1,2,0.0923,0.363338,109580837,62,0.003975075,0.025359424,5,3,4,5
PRJEB55973,Metazoa,HiFi+Hi-C,,,40670,33,32,1,0,158.1142463,2663.727273,594,8940.358355,480,993,207,51937,3.425489757,2.773786445,96.1,2.8,4,0.2617,0.392386,208709846,63,0.005542431,0.059290269,30,10,9,28
PRJEB55977,Metazoa,HiFi+Hi-C,,,84067,138,136,2,0,218.3185567,3872.57971,474.5,31638.23583,318.5,948.75,205,370840,3.588000366,2.676236217,96.4,0.9,31,0.5699,0.414766,632103849,22,0.002364713,0.073240069,85,39,38,136
PRJEB55981,Metazoa,HiFi+Hi-C,,,31105,15,7,5,3,72.05492118,433219.8667,16002,673810.0388,1332.5,699300,228,2030748,5.636708364,4.204174266,79.8,0.3,30,0.2909,0.352577,208174539,20,0.001790621,0.031559771,11,12,7,15
PRJEB55983,Metazoa,HiFi+Hi-C,,,50725,92,91,1,0,167.0686799,3725.597826,768.5,25307.64411,388.5,1471.25,228,243595,3.571195972,2.885643872,95.7,0.3,3,0.5619,0.161214,550671736,208,0.008362631,0.057742999,47,14,13,82
PRJEB56047,Metazoa,HiFi+Hi-C,,,81355,258,246,5,7,305.1021614,63136.75581,538.5,404369.3541,357.5,980.5,199,5118465,4.800282263,2.731185708,80.2,1,48,0.6669,0.317222,845618395,17,0.007275339,0.127419295,153,58,57,245
PRJEB56049,Metazoa,HiFi+Hi-C,,,56465,50,49,1,0,144.4892914,2190.52,484.5,9284.193628,312,1124,244,66208,3.340547223,2.685293781,97,0.6,30,0.4164,0.416007,346046406,12,0.006652312,0.110361625,34,11,13,44
PRJEB56051,Metazoa,HiFi+Hi-C,,,59229,49,47,1,1,126.2808662,87535.14286,501,546118.5853,352,1025,227,3806840,4.942182445,2.699837726,97,1.2,18,0.4769,0.424341,388023946,23,0.004196439,0.151744368,32,18,21,47
PRJEB56053,Metazoa,HiFi+Hi-C,,,122731,46,38,7,1,74.4633406,87287.30435,1048,254345.2215,533,3446.25,201,1019524,4.940951082,3.020361283,97.9,0.6,24,0.2605,0.527983,617753644,27,0.00720932,0.056470086,29,16,14,43
PRJEB56055,Metazoa,HiFi+Hi-C,,,107954,85,76,5,4,142.5507472,173859.0235,595,792828.7162,363,1306,234,6278533,5.240197236,2.774516966,92.1,0.9,46,0.6224,0.392125,596278881,20,0.007425514,0.082578355,63,32,31,83
PRJEB56057,Metazoa,HiFi+Hi-C,,,61504,81,71,6,4,250.4861302,179108.1235,701,939224.6859,433,1463,204,8155973,5.253115284,2.845718018,92.3,3.7,8,0.4632,0.341557,323371198,40,0.006748599,0.150761429,58,30,24,79
PRJEB56059,Metazoa,HiFi+Hi-C,,,83955,275,273,1,1,353.0941634,6571.290909,514,90317.55738,324.5,964,199,1495970,3.817650694,2.710963119,97.2,1,30,0.5719,0.326895,778829073,28,0.003486464,0.126597345,166,58,63,269
PRJEB56061,Metazoa,HiFi+Hi-C,,,49233,15,11,4,0,70.44191864,34076.33333,540,68964.63703,449,27183,282,248828,4.532452858,2.73239376,98.7,0.6,11,0.1797,0.416242,212941389,18,0.00588462,0.037371267,11,9,8,12
PRJEB56063,Metazoa,HiFi+Hi-C,,,88928,153,152,0,1,227.6081274,38784.69281,554,471327.8689,379,736,199,5830680,4.588660356,2.743509765,96.6,1.5,27,0.56,0.382962,672207982,25,0.00613575,0.211045611,55,63,66,145
PRJEB56065,Metazoa,HiFi+Hi-C,,,197067,50,42,6,2,28.48930769,117860.28,947,388250.882,565.25,2037.5,234,1889897,5.071367469,2.976349979,97.6,1.2,13,0.3985,0.287921,1755044403,134,0.004051504,0.029624375,39,22,24,41
PRJEB56090,Metazoa,HiFi+Hi-C,,,93265,311,303,4,4,277.2437683,129646.1222,957,1374097.974,479.5,1720,199,20045643,5.112759531,2.980911938,91.4,3.1,5,0.6144,0.133678,1121756503,206,0.000413591,0.026438027,148,38,32,295
PRJEB56103,Metazoa,HiFi+Hi-C,,,137466,181,167,11,3,195.3089157,90705.29282,637,616321.6475,400,1376,199,7286471,4.95763263,2.804139432,96.3,1.3,19,0.5104,0.424223,926737007,50,0.01058745,0.157892361,88,61,62,166
PRJEB56125,Metazoa,HiFi+Hi-C,,,69676,43,42,0,1,85.20394888,80714.7907,430,524565.4022,281.5,1079.5,199,3440522,4.906953125,2.633468456,96.6,0.9,28,0.4574,0.392877,504671445,18,0.006319007,0.108429415,19,15,15,40
PRJEB56129,Metazoa,HiFi+Hi-C,,,76469,163,162,1,0,287.108967,4150.723926,582,42262.57894,348,1136,205,540326,3.618123848,2.764922985,90.3,1.6,29,0.574,0.405746,567728698,22,0.006262175,0.20511585,99,71,73,159
PRJEB56131,Metazoa,HiFi+Hi-C,,,59217,17,12,3,2,90.3317541,270084.2353,1358,481836.5193,752,535923,418,1486744,5.431499235,3.13289977,95.2,1.2,9,0.2914,0.488788,188195172,21,0.014299067,0.058157156,9,9,8,12
PRJEB56133,Metazoa,HiFi+Hi-C,,,80419,332,323,6,3,430.3499936,35993.35843,614,342881.8341,390,1127,211,5366935,4.556222371,2.788168371,94.6,1.2,4,0.6365,0.185723,771465098,211,0.009727707,0.089400268,229,48,45,315
PRJEB56246,Metazoa,HiFi+Hi-C,,,62411,29,27,1,1,102.0650092,52115.41379,566,232102.0851,294,1174,200,1234972,4.71696619,2.752816431,92.7,0.6,32,0.3389,0.417989,284132635,10,0.004566359,0.0815728,16,14,12,24
PRJEB56248,Metazoa,HiFi+Hi-C,,,101243,181,177,4,0,216.5838754,3221.254144,538,21329.04182,369,912,201,270786,3.50802499,2.730782276,97.3,0.9,31,0.5559,0.300978,835703949,27,0.010436891,0.099994949,89,51,50,166
PRJEB56250,Metazoa,HiFi+Hi-C,,,56047,97,97,0,0,267.4175988,1055.329897,892,769.0192309,503,1300,251,4833,3.023388242,2.950364854,95.4,0.7,4,0.407,0.387885,362728558,95,0.010947001,0.061533924,62,30,31,93
PRJEB56254,Metazoa,HiFi+Hi-C,,,69558,136,127,7,2,175.0681647,224807.6103,776,1961862.701,456.25,987,213,21457165,5.351811009,2.889861721,91.5,0.9,5,0.6398,0.172274,776840268,146,0.009625794,0.106762738,98,18,13,135
PRJEB56258,Metazoa,HiFi+Hi-C,,,123073,271,255,12,4,262.7234461,83180.78229,639,735281.8728,404,1278,202,9769546,4.920023,2.805500858,97.5,1.6,29,0.5746,0.315666,1031502913,37,0.008698124,0.13186484,156,77,79,257
PRJEB56363,Metazoa,HiFi+Hi-C,,,54321,238,237,0,1,460.2783658,91230.23109,540.5,1396450.919,389.75,938,202,21544106,4.960138775,2.732795698,95.7,0.6,5,0.4354,0.237339,517078398,91,0.011838304,0.079365487,172,39,41,216
PRJEB56367,Metazoa,HiFi+Hi-C,,,121154,207,187,11,9,233.1987886,425593.4348,505,2264615.421,336.5,996,200,19507452,5.62899492,2.703291378,95.5,38.2,25,0.5759,0.363283,887654697,37,0.008613014,0.11844588,126,72,76,195
PRJEB56369,Metazoa,HiFi+Hi-C,,,110100,45,33,10,2,74.51512351,213288.0889,2165,941684.4073,552,15450,240,6121079,5.328966603,3.335457901,92.4,0,23,0.226,0.504982,603904253,27,0.002767568,0.044337038,34,18,20,39
PRJEB56405,Metazoa,HiFi+Hi-C,,,61997,103,102,0,1,251.8280719,36876.6699,473,366464.3548,321,892.5,201,3719965,4.566751696,2.674861141,93.9,0.6,28,0.4049,0.409001,409009207,15,0.010204504,0.105562844,52,30,32,90
PRJEB56407,Metazoa,HiFi+Hi-C,,,32352,7,4,1,2,51.04496332,1186056,1105,2112727.631,735,1450605,314,5398293,6.074105195,3.043362278,77.7,0.4,2,0.1493,0.396179,137134000,80,0.009653428,0.072919191,7,5,7,7
PRJEB56409,Metazoa,HiFi+Hi-C,,,78811,140,137,0,3,217.898012,105255.8429,491,730883.5876,347.75,867,205,6513471,5.022246213,2.691081492,97.3,0.6,31,0.4688,0.370034,642502420,22,0.007442838,0.13402898,68,47,49,130
PRJEB56482,Metazoa,HiFi+Hi-C,,,38061,3,1,2,0,9.982446367,161997,87207,209418.9076,43724,242875,241,398543,5.209506972,4.940551347,87.8,0.4,48,0.395,0.254493,300527535,13,0.0003065,0.008733925,2,2,0,2
PRJEB56484,Metazoa,HiFi+Hi-C,,,65673,26,25,0,1,56.14416256,50157.61538,831,249109.2085,587,1518,253,1271504,4.700336881,2.919601024,97.3,1.6,32,0.4596,0.423321,463093558,16,0.001234461,0.046836677,13,10,11,26
PRJEB56486,Metazoa,HiFi+Hi-C,,,91878,168,167,0,1,226.7602142,11590.67262,556,140148.7745,376,875,223,1817292,4.064108639,2.745074792,97.2,1.8,31,0.5226,0.365658,740870706,24,0.009245663,0.15433313,105,42,44,161
PRJEB56488,Metazoa,HiFi+Hi-C,,,54339,92,92,0,0,227.3663598,554.7282609,412,353.0839362,323.5,662,204,1954,2.744080292,2.614897216,97.6,0.7,28,0.4581,0.39461,404633298,14,0.014221019,0.062678583,43,28,32,85
PRJEB56490,Metazoa,HiFi+Hi-C,,,71941,78,74,1,3,158.5928484,108475.0256,418.5,545126.0871,316.5,957,204,3130353,5.035329761,2.621695462,96.3,0.6,31,0.5063,0.424169,491825456,17,0.00281813,0.114544195,48,33,35,73
PRJEB56558,Metazoa,HiFi+Hi-C,,,83868,129,115,7,7,134.6162077,430143.2171,737,2157614.615,398,1971,210,15676365,5.633613079,2.867467488,95.2,15,7,0.696,0.162587,958279855,134,0.007590395,0.188740955,66,25,20,122
PRJEB56560,Metazoa,HiFi+Hi-C,,,109523,111,111,0,0,252.2467717,1037.774775,794,821.0436893,420.5,1420,210,5337,3.01610311,2.899820502,96.4,2.2,5,0.5125,0.528112,440045275,84,0.003842395,0.102029535,62,57,63,94
PRJEB56562,Metazoa,HiFi+Hi-C,,,24601,18,11,5,2,99.73116578,587641.6667,3359.5,1941578.774,911.25,77734.5,426,8134580,5.769112582,3.526274645,92.6,2.5,9,0.226,0.396716,180485206,19,0.006352256,0.037726448,13,5,4,16
PRJEB56564,Metazoa,HiFi+Hi-C,,,84528,24,21,2,1,82.56018643,138433.3333,821.5,546906.2161,416,2188.5,208,2630100,5.141240676,2.914607568,85.4,1.2,5,#N/A,0.484267,290697018,60,0.005515077,0.08627696,22,16,17,0
PRJEB56566,Metazoa,HiFi+Hi-C,,,80712,104,103,1,0,168.1790888,2482.115385,517,15929.28631,324.5,980,204,162840,3.394821966,2.713490543,96.3,1.3,31,0.4864,0.442214,618388414,21,0.002750349,0.055249132,61,41,46,98
PRJEB56614,Metazoa,HiFi+Hi-C,,,37886,14,13,1,0,89.48083329,69564.28571,972.5,256020.9214,568.75,1204.25,327,959074,4.84238633,2.98788961,75.9,1.9,2,0.3109,0.395135,156458087,79,0.003801228,0.027180878,10,6,6,14
PRJEB56732,Metazoa,HiFi+Hi-C,,,66967,144,144,0,0,261.445965,901.2916667,545.5,1183.756932,361.25,968,213,8360,2.954865356,2.736794755,96.4,1,14,0.4982,0.359224,550783027,45,0.011029237,0.111794685,92,35,36,139
PRJEB56734,Metazoa,HiFi+Hi-C,,,91524,210,207,1,2,304.9888193,21224.49048,593.5,210802.6149,353,1321,202,2666377,4.326837273,2.773420723,94,1.2,30,0.5456,0.403084,688549831,24,0.003176193,0.101339801,114,66,70,201
PRJEB56736,Metazoa,HiFi+Hi-C,,,92826,164,157,6,1,234.3521561,29863.12805,646.5,270310.7584,420,1094.5,211,3356745,4.475135296,2.810568529,96.7,1,13,0.4908,0.363739,699801541,52,0.009022701,0.124163484,84,55,59,153
PRJEB56797,Metazoa,HiFi+Hi-C,,,54888,58,57,0,1,213.482488,39516.39655,396.5,295748.5961,287.5,879,205,2253032,4.596777335,2.598243192,95.1,0.4,28,0.3422,0.449008,271685048,10,0.006579719,0.158901033,36,17,18,51
PRJEB56799,Metazoa,HiFi+Hi-C,,,57111,100,97,3,0,186.8577761,3760.91,619,21874.25592,355,1191.25,203,207909,3.575292941,2.791690649,89.6,1.2,28,0.573,0.339418,535166382,20,0.001735069,0.108373305,62,29,29,97
PRJEB56801,Metazoa,HiFi+Hi-C,,,93401,123,119,2,2,165.2952107,75172.84553,626,641629.5691,353.5,1219.5,211,6753827,4.87606099,2.796574333,96.6,1.2,28,0.5576,0.405255,744123193,27,0.002028387,0.217772296,60,41,45,117
PRJEB56903,Metazoa,HiFi+Hi-C,,,48579,38,35,1,2,112.6860161,139852.8158,473,507672.1009,300.25,1135.75,225,2324381,5.145671215,2.674861141,98.2,1,9,0.4005,0.315652,337220192,55,0.003018843,0.045313788,24,8,6,38
PRJEB56905,Metazoa,HiFi+Hi-C,,,28494,43,39,1,3,106.394233,192989.4186,761,708527.5968,362,1891.5,221,3333724,5.285533498,2.881384657,97.9,0.7,17,0.4777,0.304676,404157244,31,0.000437739,0.026552457,26,8,7,43
PRJEB56907,Metazoa,HiFi+Hi-C,,,64397,103,102,1,0,233.09051,992.3592233,495,4062.462136,348,675.5,223,41631,2.996668911,2.694605199,96.7,0.7,30,0.4784,0.395565,441888432,16,0.007109579,0.107992005,63,27,27,92
PRJEB57100,Metazoa,HiFi+Hi-C,,,114398,147,137,7,3,172.2399487,59306.12245,838,356141.4597,486.5,1512,244,3763849,4.77309953,2.923244019,96.3,2.2,21,0.6445,0.253755,853460542,168,0.003797037,0.108693879,90,44,41,92
PRJEB57102,Metazoa,HiFi+Hi-C,,,47787,175,175,0,0,553.443949,1112.965714,1057,603.6457142,609,1460.5,223,3235,3.046481786,3.024074987,95.8,0.6,4,0.3338,0.31432,316201849,89,0.011065492,0.050083157,132,34,36,135
PRJEB57114,Metazoa,HiFi+Hi-C,,,99159,300,295,2,3,336.7116647,27455.60333,449,263637.7601,325,793.25,199,3716567,4.438630992,2.652246341,96.6,1.5,30,0.6305,0.351931,890970024,31,0.005189375,0.274581169,174,85,95,293
PRJEB57170,Metazoa,HiFi+Hi-C,,,130218,126,87,27,12,132.2271491,378243.5079,1874.5,1374646.354,752.75,21723.5,224,10021908,5.577771483,3.272885445,97.6,0.1,23,0.374,0.378068,952905669,40,0.002956928,0.083566549,89,63,40,121
PRJEB57259,Metazoa,HiFi+Hi-C,,,134750,143,133,7,3,163.9620364,89875.78322,725,662839.7866,418,1456.5,209,7730887,4.953642688,2.860338007,98.8,1,10,0.5558,0.492853,872153110,94,0.004531758,0.097267665,81,56,55,138
PRJEB57265,Metazoa,HiFi+Hi-C,,,27463,10,10,0,0,104.5148677,805.8,706.5,501.2765482,497.5,1048.75,229,1947,2.906227263,2.849112166,62.5,0.7,3,0.185,0.465115,95680167,31,0.008897863,0.052064447,7,4,5,9
PRJEB57269,Viridiplantae,HiFi+Hi-C,,,115504,41,38,1,2,65.66117457,118685.3171,981,561646.3783,548,1622,263,3345156,5.074396994,2.991669007,98.9,4,13,0.6714,0.267614,624417706,44,0.006714141,0.142471695,26,18,19,36
PRJEB57271,Metazoa,HiFi+Hi-C,,,60553,22,17,2,3,50.46809236,534155.1818,611,1398780.141,377.75,1608.25,212,4794270,5.727667446,2.78604121,97,0.7,31,0.4791,0.419931,435918993,15,0.000497323,0.024100183,14,11,8,20
PRJEB57273,Metazoa,HiFi+Hi-C,,,59386,51,50,0,1,104.6714258,111869.6471,501,793271.8224,323.5,880.5,219,5665880,5.048712268,2.699837726,97,0.7,30,0.5051,0.367759,487238992,17,0.008768349,0.053458779,27,10,11,46
PRJEB57275,Metazoa,HiFi+Hi-C,,,51212,46,45,0,1,125.7345405,32966.30435,863.5,216585.1796,385.25,1532.75,219,1469975,4.518070264,2.936262342,97.3,0.4,29,0.463,0.40608,365850146,13,0.003752041,0.068117759,34,8,9,45
PRJEB57277,Metazoa,HiFi+Hi-C,,,58416,55,54,1,0,125.9172773,1181.872727,520,2184.748066,318.5,736.5,207,11995,3.072570711,2.716003344,97.3,1,32,0.5021,0.403076,436794705,17,0.00363653,0.064949478,26,15,15,53
PRJEB57279,Metazoa,HiFi+Hi-C,,,71667,219,215,2,2,262.7440911,160346.0228,576,1653072.292,331,1079,201,19192154,5.205058192,2.760422483,93,2.1,5,0.6755,0.142525,833510657,152,0.008808125,0.0824924,179,34,32,202
PRJEB57281,Metazoa,HiFi+Hi-C,,,171987,21,12,6,3,18.79245802,2046813.238,7076,6686570.471,3423,133712,375,30247641,6.311078217,3.849787824,92.6,0.3,48,0.0951,0.279729,1117469571,84,0.000749613,0.006912563,20,10,13,20
PRJEB57305,Metazoa,HiFi+Hi-C,,,111673,273,268,2,3,288.679033,52178.5641,520,633594.2125,368,848,201,10111449,4.717492124,2.716003344,97.2,2.4,29,0.5861,0.327453,945686970,32,0.012525465,0.157704443,141,70,71,260
PRJEB57307,Metazoa,HiFi+Hi-C,,,94472,122,116,3,3,311.5919879,79740.17213,805.5,557831.3852,407.25,1376.25,215,5454163,4.901677169,2.906065545,94.8,0.9,5,0.481,0.426669,391537667,76,0.004973024,0.061414033,99,48,40,84
PRJEB57309,Metazoa,HiFi+Hi-C,,,91062,125,123,1,1,157.6256109,45030.64,629,442257.413,404,976,200,4913076,4.653508119,2.798650645,96.7,0.7,31,0.5794,0.34928,793018338,27,0.001227515,0.039877683,66,33,35,122
PRJEB57311,Metazoa,HiFi+Hi-C,,,42960,22,21,1,0,111.9549734,9283.090909,1917,32866.84943,689.25,2434,234,156074,3.967692604,3.282622113,71.6,1.2,6,0.466,0.379161,196507572,32,0.000269924,0.038839483,11,6,9,21
PRJEB57315,Metazoa,HiFi+Hi-C,,,191028,140,109,29,2,274.4763673,70611.52143,710.5,414649.4374,460.25,2905.25,215,4711169,4.848875569,2.851564082,97,6.8,44,0.5129,0.577035,510062128,16,0.010900067,0.089867779,112,85,102,130
PRJEB57317,Metazoa,HiFi+Hi-C,,,37174,40,28,11,1,113.8269883,298268.425,1564.5,1412489.12,574,16515.75,218,8924873,5.474607281,3.194375567,74.4,0.9,46,0.5472,0.178915,351410510,22,0.002514166,0.054725023,29,5,1,40
PRJEB57657,Metazoa,HiFi+Hi-C,,,67323,96,95,0,1,197.1340617,40714.86458,490.5,391847.196,339.25,709.25,209,3840019,4.609752995,2.690639012,97.3,1,31,0.4094,0.394709,486978248,16,0.005688408,0.096971263,55,24,25,92
PRJEB57659,Metazoa,HiFi+Hi-C,,,82926,171,167,0,4,238.2575259,103697.1696,538,898492.3981,346,907.5,232,11048852,5.015766903,2.730782276,96.6,1.9,31,0.5399,0.366676,717710802,24,0.00677555,0.156261456,91,49,49,168
PRJEB57661,Metazoa,HiFi+Hi-C,,,58250,17,16,1,0,57.76342819,2538,921,6354.643174,409,1428,283,27043,3.404491618,2.96425963,97,1.5,31,0.3492,0.467929,294303862,10,0.001033911,0.04031246,11,9,9,15
PRJEB57665,Metazoa,HiFi+Hi-C,,,140844,75,66,6,3,88.85630035,199415.2267,784,874112.482,423.5,1849.5,204,5320512,5.299758316,2.894316063,96.1,1.9,16,0.6832,0.293428,844059450,51,0.002032731,0.069334537,46,27,26,72
PRJEB57667,Metazoa,HiFi+Hi-C,,,52001,18,10,6,2,90.38216471,253347.1111,4016,454066.9016,584.25,361332.25,374,1427269,5.403715956,3.603793704,95.5,1,9,0.3614,0.477458,199154336,24,0.007630484,0.061448115,12,9,9,15
PRJEB57671,Metazoa,HiFi+Hi-C,,,57722,199,194,5,0,313.7493615,9958.497487,562,64298.9869,322,1097,204,687948,3.998193818,2.749736316,76,0.9,4,0.6869,0.227458,634264239,194,0.008797921,0.072445351,168,36,32,198
PRJEB57673,Metazoa,HiFi+Hi-C,,,40273,105,102,1,2,278.5539418,59998.22857,464,470778.2278,302,900,200,4568656,4.778138428,2.666517981,97.9,0.4,12,0.4694,0.329015,376946739,39,0.00203453,0.058870027,54,29,32,105
PRJEB57675,Metazoa,HiFi+Hi-C,,,101218,21,15,6,0,21.35480963,42078.90476,2985,102612.6512,921,17574,433,423499,4.624064427,3.474944335,97.5,0.3,28,0.1101,0.226097,983385025,70,0.001005487,0.011970185,17,9,10,19
PRJEB57679,Metazoa,HiFi+Hi-C,,,62580,147,147,0,0,193.6247709,788.0680272,490,821.8508902,358.5,883,200,6178,2.896563708,2.69019608,97.6,1.3,31,0.5591,0.279215,759200382,27,0.002743729,0.068886091,60,24,25,139
PRJEB57681,Metazoa,HiFi+Hi-C,,,71102,123,121,1,1,226.1353692,10850.68293,511,110896.2099,347.5,766,203,1230634,4.035457073,2.7084209,97.2,1.2,28,0.5228,0.404805,543921990,19,0.005793081,0.160937083,81,38,39,118
PRJEB57683,Metazoa,HiFi+Hi-C,,,42906,297,297,0,0,349.3867392,939.962963,931,564.3768586,442,1301,199,4215,2.973110742,2.968949681,96.9,1.6,32,0.622,0.118916,850060883,28,0.003298342,0.126539381,121,30,30,295
PRJEB57883,Metazoa,HiFi+Hi-C,,,83272,138,138,0,0,229.3755594,905.5217391,503.5,967.1395344,332.75,1085.75,219,5138,2.956898881,2.701999475,94.2,0.9,28,0.4634,0.402198,601633410,21,0.007213186,0.106212289,73,40,40,132
PRJEB57885,Metazoa,HiFi+Hi-C,,,172080,337,329,6,2,295.7489049,33552.96439,759,384447.3313,421,1496,208,6637552,4.525730896,2.880241776,95.4,2.5,7,0.5502,0.48073,1139480128,184,0.004897507,0.045300387,250,140,160,318
PRJEB57891,Metazoa,HiFi+Hi-C,,,360776,87,66,11,10,64.46320849,716259.2299,1272,2547333.832,472,8671.5,266,18531950,5.855070231,3.104487111,96,3,12,0.4768,0.698825,1349607040,116,0.003874187,0.063647678,71,73,92,85
PRJEB57893,Metazoa,HiFi+Hi-C,,,89660,57,55,2,0,184.553928,6913.421053,621,40620.69164,371,1741,224,307474,3.839693008,2.7930916,91.1,0.4,11,#N/A,0.455909,308852814,29,0.004788824,0.094557894,49,28,30,0
PRJEB57897,Metazoa,HiFi+Hi-C,,,58249,60,59,1,0,143.6165808,16662.26667,453.5,123593.552,307.25,815.75,221,958042,4.221734081,2.656577291,96.7,1,29,0.4522,0.411684,417779059,15,0.006269734,0.079650783,36,17,18,56
PRJEB58080,Metazoa,HiFi+Hi-C,,,66921,111,111,0,0,219.7520186,669.045045,447,640.9627898,324,686.5,199,4585,2.825455359,2.650307523,97.3,1,31,0.4571,0.367426,505114814,18,0.0048189,0.111044305,65,25,25,103
PRJEB58084,Metazoa,HiFi+Hi-C,,,72727,84,84,0,0,152.8702453,620.8095238,441.5,630.262452,294.75,684.25,206,5050,2.792958371,2.644930708,96.6,0.9,31,0.4902,0.369315,549485610,19,0.008656361,0.042925944,40,19,21,72
PRJEB58225,Metazoa,HiFi+Hi-C,,,84073,107,102,3,2,142.9005188,101176.4299,585,808476.8467,416.5,1219.5,201,8147172,5.005079351,2.767155866,96.1,2.2,7,0.6662,0.373119,748772649,94,0.002594011,0.122843549,74,33,32,106
PRJEB58227,Metazoa,HiFi+Hi-C,,,91027,253,251,1,1,341.2902346,25927.09486,586,399059.1872,380,925,202,6348236,4.413753857,2.767897616,97.3,1.8,26,0.5462,0.329085,741304539,28,0.003683895,0.110104189,150,50,55,242
PRJEB58229,Viridiplantae,HiFi+Hi-C,,,311957,1,1,0,0,0.634552827,625,625,,625,625,625,625,2.795880017,2.795880017,99.5,97.3,27,0.6339,0.302136,1575912923,60,6.16E-06,0.007314141,1,1,1,1
PRJEB58231,Metazoa,HiFi+Hi-C,,,35435,11,8,3,0,46.39800165,69422.18182,1013,149213.4736,704.5,50183.5,223,486566,4.841498259,3.005609445,98.1,0.7,18,0.227,0.269523,237079176,15,0.001914341,0.023903018,7,3,3,11
PRJEB58233,Viridiplantae,HiFi+Hi-C,,,105459,2,1,1,0,4.390077972,14422,14422,8042.632529,11578.5,17265.5,8735,20109,4.159025491,4.159025491,98.9,6.4,8,0.5595,0.323971,455572774,57,0.000159109,0.009208475,2,0,0,0
PRJEB58235,Metazoa,HiFi+Hi-C,,,57263,41,35,5,1,128.1043872,86070.02439,1228,476617.7984,593,2896,242,3053579,4.934851926,3.089198367,97.5,0.9,49,0.388,0.406083,320051490,21,0.00501032,0.053888802,24,13,11,40
PRJEB58239,Metazoa,HiFi+Hi-C,,,102097,141,141,0,0,195.3618866,578.4964539,445,475.9129366,294,589,214,3161,2.762300701,2.648360011,96.3,1.6,31,0.5228,0.372565,721737502,24,0.008171857,0.193910394,66,48,49,124
PRJEB58241,Metazoa,HiFi+Hi-C,,,126995,136,131,1,4,125.8288385,199797.1324,813.5,1416534.484,403,1647.25,228,13219043,5.300589251,2.910357557,94.6,1.3,4,0.7119,0.191439,1080833310,308,3.51E-05,0.017229011,92,21,15,134
PRJEB58243,Metazoa,HiFi+Hi-C,,,108738,90,84,5,1,124.9518481,27686.7,967,179060.4792,478.5,2102.25,226,1639497,4.442271195,2.985426474,90,0.7,24,0.3845,0.512299,720277462,31,0.001505262,0.075963065,61,31,31,88
PRJEB58251,Metazoa,HiFi+Hi-C,,,52109,46,41,1,4,180.9233435,350397.7826,603,1480504.707,384,1195.25,208,9450555,5.544561349,2.780317312,94.8,1,5,0.29,0.408343,254251326,48,0.007393415,0.046434155,36,13,11,44
PRJEB58253,Metazoa,HiFi+Hi-C,,,46601,88,85,3,0,248.7741224,16895.10227,635.5,92524.18902,416.25,1155.75,201,696688,4.227760825,2.803115555,66.2,0.7,4,0.6031,0.334401,353734541,95,0.004255545,0.060545169,47,27,27,85
PRJEB58255,Metazoa,HiFi+Hi-C,,,147736,154,147,2,5,183.5914391,123774.1364,604.5,714718.2647,409.25,1174.25,211,6536167,5.092629905,2.781396305,96.1,1.6,12,0.5452,0.507583,838819069,74,0.003214272,0.105880354,84,74,74,148
PRJEB58345,Metazoa,HiFi+Hi-C,,,84996,210,202,3,5,243.417628,141501.6524,624,927270.3908,360.5,1179,208,7552684,5.150761511,2.79518459,94.3,0.9,30,0.5981,0.287763,862714840,30,0.005368917,0.088677029,98,47,38,200
PRJEB58347,Metazoa,HiFi+Hi-C,,,76780,240,237,1,2,410.9308356,23967.42917,542.5,266352.3702,372.75,970,201,3689803,4.379621453,2.734399743,96.6,0.6,31,0.5786,0.381542,584039890,19,0.008418672,0.088830185,135,76,76,231
PRJEB58349,Metazoa,HiFi+Hi-C,,,73048,11,9,1,1,34.33656826,212380.8182,1480,508564.5909,324,1970.5,215,1596478,5.32711529,3.170261715,99.1,0.1,21,0.2388,0.51638,320358165,17,0.000978927,0.01807445,9,6,7,9
PRJEB58656,Metazoa,HiFi+Hi-C,,,39036,204,203,1,0,454.8712825,1047.843137,839,984.614813,436.75,1459.5,199,10201,3.020296273,2.923761961,93.6,1.5,10,0.4891,0.358731,448478521,45,0.007029275,0.107215205,120,59,57,193
PRJEB58662,Metazoa,HiFi+Hi-C,,,81490,143,143,0,0,217.1156269,817.9230769,521,910.3205215,345,876,200,5664,2.912712462,2.716837723,96.9,1.2,31,0.4986,0.402306,658635226,21,0.011758651,0.121389998,63,49,51,131
PRJEB58666,Metazoa,HiFi+Hi-C,,,37918,14,8,4,2,90.06800083,1674685,4569.5,4239461.134,757.5,19748.75,482,12449122,6.22393313,3.659868682,95.1,0.6,5,0.3277,0.326813,155438112,31,0.001586315,0.020367819,14,3,1,14
PRJEB58670,Metazoa,HiFi+Hi-C,,,89741,123,121,2,0,185.5496494,4753.845528,795,34097.28931,402.5,1734,241,374003,3.677045066,2.900367129,95.7,2.7,1,0.5034,0.323969,662895351,662,0.000824123,0.034239752,70,60,61,117
PRJEB58756,Metazoa,HiFi+Hi-C,,,41787,453,411,35,7,340.5571248,86468.00442,1396,640035.0959,721,3148,232,8519569,4.936855436,3.144885418,76.8,1.3,10,0.6719,0.146608,1330173316,134,5.20E-05,0.008705526,163,54,30,444
PRJEB58925,Metazoa,HiFi+Hi-C,,,61226,99,98,0,1,218.7415695,25292.0202,502,243221.6711,329,694,207,2420843,4.40298352,2.700703717,90.5,0.4,26,0.4843,0.406369,452588871,18,0.002520631,0.16368036,64,38,38,98
PRJEB58927,Metazoa,HiFi+Hi-C,,,57823,140,139,0,1,333.6200718,83998.40714,478,984911.2533,326.25,1163.25,206,11654383,4.924271051,2.679427897,96.4,0.6,20,0.4701,0.356595,419639020,25,0.00717475,0.129874377,63,33,33,134
PRJEB58929,Metazoa,HiFi+Hi-C,,,62631,85,83,0,2,236.801054,77780.45882,511,501862.1225,318,923,204,3599238,4.890870501,2.7084209,95.1,0.4,29,0.3642,0.45796,358951105,13,0.005275052,0.147901455,66,31,30,82
PRJEB58935,Metazoa,HiFi+Hi-C,,,103680,227,210,7,10,250.5431931,667814.5198,587,4352598.137,363.5,1097.5,204,40760124,5.824655857,2.768638101,96,1.6,12,0.6446,0.257918,906031400,82,0.003392176,0.071851964,127,46,32,225
PRJEB58947,Metazoa,HiFi+Hi-C,,,63573,116,116,0,0,260.8709842,982.5948276,650,888.9735359,390,1239.25,214,5808,2.992374474,2.812913357,94.9,1.6,2,0.4916,0.33671,444664248,258,0.007894717,0.094292474,80,23,23,110
PRJEB58957,Metazoa,HiFi+Hi-C,,,69244,108,107,1,0,192.2802684,2234.138889,534.5,15530.60652,369.25,1046.25,214,162035,3.349110168,2.72794771,97.2,0.9,31,0.4762,0.365817,561680098,19,0.006775442,0.108350242,61,30,30,103
PRJEB58959,Metazoa,HiFi+Hi-C,,,64361,113,111,0,2,155.6573068,95089.9823,418,707186.4303,322,645,218,5398518,4.978134767,2.621176282,97,0.9,31,0.5338,0.281123,725953714,25,0.016475569,0.058438731,57,23,25,92
PRJEB58961,Metazoa,HiFi+Hi-C,,,63845,144,143,1,0,234.3014303,1210.527778,565,5774.098475,340.25,806.25,222,69273,3.08297476,2.752048448,93.5,0.4,29,0.4993,0.340906,614592919,22,0.008510195,0.106966617,86,31,38,136
PRJEB58963,Metazoa,HiFi+Hi-C,,,95341,141,136,4,1,196.7875477,31937.88652,667,290567.1759,437,1120,207,3380886,4.504306174,2.824125834,93.9,1.3,32,0.5274,0.350117,716508751,25,0.005947092,0.123522296,71,41,44,133
PRJEB59070,Metazoa,HiFi+Hi-C,,,68133,61,61,0,0,127.6952254,666,508,434.1553485,385,834,211,2326,2.823474229,2.705863712,94.9,0.3,29,0.4093,0.431541,477699928,18,0.006812252,0.084850901,28,15,15,55
PRJEB59072,Metazoa,HiFi+Hi-C,,,82684,208,203,5,0,388.4232816,6942.129808,623.5,52501.46246,413.5,939.5,205,535607,3.84149273,2.794836458,97.9,0.4,20,0.6211,0.32141,535498282,31,0.011174018,0.143421531,99,62,67,204
PRJEB59074,Metazoa,HiFi+Hi-C,,,161977,73,59,6,8,76.96166829,674612.4247,1163,2348739.694,516,3594,217,11924212,5.829054336,3.065579715,95.5,0.9,5,0.5904,0.443555,948524137,187,0.000414781,0.023595046,63,24,21,72
PRJEB59076,Metazoa,HiFi+Hi-C,,,81376,88,88,0,0,154.9294785,1176.227273,880.5,1035.449358,401.5,1692.75,227,4971,3.070491245,2.94472936,92.1,0.7,14,0.5767,0.285328,568000363,45,0.002438329,0.054872365,53,12,11,87
PRJEB59080,Metazoa,HiFi+Hi-C,,,72590,83,82,0,1,121.9162862,61049.19277,507,548924.3005,369,767,219,5001730,4.785679926,2.705007959,95.7,0.9,28,0.51,0.324001,680795016,24,0.005390184,0.052200477,38,19,18,76
PRJEB59082,Metazoa,HiFi+Hi-C,,,54253,78,63,8,7,98.20805293,785453.1923,992.5,4725738.555,473.25,3497.75,201,41136180,5.895120309,2.996730515,98.4,0.9,17,0.4686,0.375641,794232221,49,0.007654789,0.112147777,61,30,26,72
PRJEB59084,Metazoa,HiFi+Hi-C,,,77672,56,56,0,0,153.7840145,719.6071429,359,899.7975667,301.5,767.5,199,4849,2.857095466,2.555094449,89,0.4,10,0.3632,0.536248,364147081,48,0.005890177,0.129211168,28,23,23,50
PRJEB59088,Metazoa,HiFi+Hi-C,,,70534,320,319,1,0,441.5957373,2859.875,530.5,38395.13851,353,940.25,199,687479,3.456347051,2.724685388,93.9,1.3,27,0.5875,0.279988,724644676,28,0.004284117,0.081504059,167,55,53,306
PRJEB59130,Metazoa,HiFi+Hi-C,,,58431,126,123,0,3,260.0486525,58975.07143,733.5,408696.7969,411.75,1284.5,201,3958557,4.770668476,2.865400118,96.7,0.9,31,0.5118,0.341812,484524718,17,0.010469371,0.131721742,66,41,42,121
PRJEB59132,Metazoa,HiFi+Hi-C,,,51845,45,22,15,8,112.0472152,520616.6222,12323,1279916.283,687,254926,239,6978444,5.71651803,4.090716448,94.5,0.1,48,0.4265,0.306999,401616407,21,0.001996668,0.036302165,29,19,11,41
PRJEB59134,Metazoa,HiFi+Hi-C,,,71688,197,190,6,1,498.9638534,8472.725888,572,76751.83291,363,880,199,1027689,3.928023156,2.757396029,96,0.3,36,0.6164,0.36364,394818179,18,0.007992905,0.132426009,118,56,54,183
PRJEB59136,Metazoa,HiFi+Hi-C,,,61837,56,54,1,1,163.5535084,23293.17857,884,156317.8267,514,1862.75,208,1170858,4.367228756,2.946452265,96.3,3.1,7,0.4725,0.33192,342395590,45,0.001295408,0.079174506,44,10,10,56
PRJEB59138,Metazoa,HiFi+Hi-C,,,33120,18,10,5,3,59.12986404,458486.1111,5952.5,753786.651,1024.5,570882.5,353,2458834,5.661326184,3.774699404,97.6,0.6,49,0.2452,0.168935,304414703,15,0.002890402,0.037962493,17,5,2,18
PRJEB59140,Metazoa,HiFi+Hi-C,,,57326,98,98,0,0,250.2380766,978.5918367,638,1039.658844,410,1143.75,214,6697,2.990601589,2.804820679,90.6,2.2,6,0.4624,0.3344,391627051,73,0.009893789,0.141009527,56,25,25,85
PRJEB59142,Metazoa,HiFi+Hi-C,,,55482,27,27,0,0,139.9754062,1049.111111,657,1090.892272,309,1246,204,5230,3.020821487,2.81756537,93.6,0.9,5,0.2701,0.507219,192891028,39,0.00495429,0.050378323,22,10,14,21
PRJEB59144,Metazoa,HiFi+Hi-C,,,62273,192,191,0,1,376.0468034,13056.01563,1065.5,168286.4511,406.25,1279.75,200,2332742,4.115810661,3.027553454,94.6,0.4,29,0.4649,0.335114,510574743,18,0.008114943,0.05774454,135,55,55,174
PRJEB59146,Metazoa,HiFi+Hi-C,,,82967,197,197,0,0,224.1189721,860.6649746,561,933.4956847,367,982,203,6862,2.934834129,2.748962861,94.3,1,5,0.6588,0.244599,878997428,171,0.008960143,0.128947071,129,42,44,193
PRJEB59150,Metazoa,HiFi+Hi-C,,,153857,128,111,8,9,266.5984586,370558.8125,623.5,1585212.463,433.25,974.25,220,10896560,5.568857146,2.794836458,97.2,0.6,15,0.4799,0.616386,480122806,34,0.010528832,0.086250436,77,83,81,121
PRJEB59152,Metazoa,HiFi+Hi-C,,,62104,121,98,13,10,163.2418356,318501.157,750,1043924.623,438,1670,206,6308890,5.503111014,2.875061263,74.9,30.8,6,0.4984,0.191031,741231557,153,0.004290949,0.039340753,83,32,26,113
PRJEB59156,Metazoa,HiFi+Hi-C,,,57904,148,128,6,14,181.7347303,700972.527,632,2862898.844,398.5,1274.25,219,22731984,5.845700997,2.800717078,71.4,0.3,23,0.7745,0.166585,814373784,109,0.006125202,0.138738409,136,37,21,143
PRJEB59158,Metazoa,HiFi+Hi-C,,,56822,68,64,0,4,187.4372323,131740.1324,767.5,598641.5358,537.25,1546.5,278,4174465,5.119718095,2.885078384,95.4,0.4,3,0.3975,0.329075,362788114,101,0.009755909,0.086275959,57,25,27,66
PRJEB59160,Metazoa,HiFi+Hi-C,,,231331,251,232,8,11,73.46393273,466266.1434,994,3050843.54,531,1984.5,219,38079700,5.668633882,2.997386384,95.2,2.1,23,0.6974,0.202605,3416642571,146,0.003491972,0.066325986,206,46,32,245
PRJEB59194,Metazoa,HiFi+Hi-C,,,78533,77,73,2,2,124.4967842,69120.23377,484,339930.7564,306,822,203,2458473,4.839605198,2.684845362,97,0.9,20,0.5252,0.372428,618489871,35,0.000969036,0.057874265,41,20,17,72
PRJEB59202,Metazoa,HiFi+Hi-C,,,84998,8,7,1,0,21.1047271,4879.625,1839.5,8790.997976,967,2955.25,578,26479,3.688386448,3.264699792,88.5,0.9,5,#N/A,0.180627,379061997,74,0.001487277,0.02034154,6,3,2,0
PRJEB59208,Metazoa,HiFi+Hi-C,,,101922,332,320,7,5,419.3792181,166105.3494,634,1734743.791,445.75,1033.5,204,28012158,5.220383619,2.802089258,87.6,0.6,16,0.6909,0.290874,791646285,52,0.007754405,0.138862582,212,72,66,286
PRJEB59281,Metazoa,HiFi+Hi-C,,,59008,48,46,2,0,75.10581694,3646.791667,791.5,13609.10229,514.25,1349.25,223,91456,3.561910954,2.898450919,93.3,0.3,4,0.4412,0.183933,639098301,169,0.009772263,0.036292899,23,5,4,43
PRJEB59283,Metazoa,HiFi+Hi-C,,,49928,3,2,0,1,8.215735576,919672,412,1592283.834,366.5,1379347.5,321,2758283,5.963632964,2.614897216,96.4,0.9,47,0.4357,0.276177,365152940,28,0.000153612,0.005328455,1,1,1,3
PRJEB59285,Metazoa,HiFi+Hi-C,,,114698,11,7,2,2,58.99926456,981606.2727,2448,2325727.943,1633,267909.5,331,7567756,5.991937325,3.388811413,82.1,0.6,5,0.1072,0.683139,186443002,37,0.002918069,0.03448381,8,8,6,8
PRJEB59287,Metazoa,HiFi+Hi-C,,,76308,121,121,0,0,198.1144946,699.4380165,524,550.1139866,368,841,210,3751,2.844749234,2.719331287,89.4,1.5,27,0.4876,0.378053,610757937,23,0.014138531,0.122504827,49,46,50,105
PRJEB59289,Metazoa,HiFi+Hi-C,,,76138,127,126,1,0,206.2966675,2382.669291,509,17926.52991,347.5,913.5,214,202623,3.377063768,2.706717782,96.1,1.6,28,0.5199,0.393054,615618282,23,0.00598738,0.209437853,56,36,37,120
PRJEB59291,Metazoa,HiFi+Hi-C,,,67519,94,92,1,1,203.1648704,99160.7234,410.5,937372.7476,316.75,629.25,231,9088858,4.996339686,2.613313161,96.7,1.2,31,0.4242,0.355308,462678414,16,0.011122483,0.107427339,52,26,24,79
PRJEB59293,Metazoa,HiFi+Hi-C,,,157937,193,191,1,1,253.6295986,27442.06736,637,351001.0545,388,1165,200,4871935,4.438416826,2.804139432,95.8,1,4,0.6566,0.401105,760952196,193,0.006737953,0.108707086,158,78,76,189
PRJEB59295,Metazoa,HiFi+Hi-C,,,57437,84,78,5,1,206.9190177,54442.89286,459,401652.3596,356.5,855.5,201,3635859,4.735941194,2.661812686,93.3,4.5,18,0.5661,0.27445,405955919,41,0.001862442,0.098189179,56,23,22,78
PRJEB59297,Metazoa,HiFi+Hi-C,,,106896,255,247,8,0,479.2546523,8781.67451,494,65162.94932,377,738,200,860070,3.943577336,2.693726949,93.9,0.7,40,0.5884,0.478488,532076212,15,0.011999149,0.096156345,120,132,139,146
PRJEB59299,Metazoa,HiFi+Hi-C,,,71586,125,124,0,1,246.4838322,9309.536,443,95777.3572,323,783,203,1071533,3.968928036,2.646403726,96.3,1,29,0.4564,0.444988,507132654,18,0.00489583,0.091182818,71,47,49,119
PRJEB59301,Metazoa,HiFi+Hi-C,,,87966,192,186,4,2,266.3942556,54229.05208,663.5,542005.9231,367.75,1355.75,208,7271450,4.734232013,2.821840927,96,1.3,30,0.555,0.349927,720736262,24,0.007589799,0.124979927,134,52,52,187
PRJEB59303,Metazoa,HiFi+Hi-C,,,91779,150,149,0,1,241.7247638,10046.96,443.5,114607.3853,299.25,829.5,200,1404306,4.002034673,2.646893624,96.7,0.7,29,0.482,0.421406,620540476,22,0.005098296,0.109687172,66,45,46,139
PRJEB59305,Metazoa,HiFi+Hi-C,,,99478,112,108,3,1,152.835491,21556.34821,431,165321.3274,329.5,747.75,213,1679112,4.33357519,2.63447727,96.1,1.2,30,0.5509,0.395982,732814082,25,0.008478185,0.093685194,52,38,39,89
PRJEB59307,Metazoa,HiFi+Hi-C,,,200445,143,134,8,1,152.8626785,36783.6993,527,203603.1484,341,1048.5,219,2003626,4.565655404,2.721810615,98.8,0.4,25,0.4794,0.604136,935480141,36,0.00703998,0.130472724,87,98,113,132
PRJEB59309,Metazoa,HiFi+Hi-C,,,100537,39,30,4,5,90.73578851,423502.5128,1196,1175047.939,637.5,3791,222,5133398,5.626855992,3.07773118,97,0.3,21,0.1709,0.603569,429819376,20,0.002795585,0.060669518,35,21,24,36
PRJEB59365,Metazoa,HiFi+Hi-C,,,147079,141,127,6,8,286.5017883,430135.1844,815,1963862.664,410,1625,205,12503459,5.633604969,2.911157609,91.2,1.2,7,0.4349,0.522552,492143525,80,0.009665755,0.07157508,111,71,83,131
PRJEB59367,Metazoa,HiFi+Hi-C,,,120615,12,11,1,0,45.83774221,12908.83333,563.5,41661.68989,312.75,1351.75,210,145177,4.110886994,2.75089392,96.1,0.6,6,0.2609,0.649446,261792999,48,0.003276232,0.057529644,10,6,8,11
PRJEB59369,Metazoa,HiFi+Hi-C,,,61758,81,81,0,0,156.9656297,833.2716049,519,810.3839524,363,886,219,4892,2.920786583,2.715167358,96.7,0.7,31,0.4366,0.367465,516036537,17,0.007341173,0.07078487,39,19,19,70
PRJEB59371,Metazoa,HiFi+Hi-C,,,48377,39,37,1,1,114.8957618,514997.4872,574,3130222.69,395,992.5,232,19555819,5.71180511,2.758911892,94.6,0.1,9,0.4002,0.342264,339438108,40,0.01194876,0.041955961,13,14,12,35
PRJEB59373,Metazoa,HiFi+Hi-C,,,50013,138,137,1,0,345.4357517,2049.913043,1181.5,7409.452902,666,1775.5,221,87025,3.311735439,3.072433726,95.1,1,7,0.4501,0.215689,399495418,60,0.003715326,0.0958782,100,15,15,129
PRJEB59375,Metazoa,HiFi+Hi-C,,,71289,52,49,1,2,93.70776759,442648.6923,466,2296762.694,359.5,962.75,214,14296029,5.646059186,2.668385917,95.4,1.2,6,0.5884,0.265395,554916645,108,0.001814716,0.062847752,37,9,10,52
PRJEB59379,Metazoa,HiFi+Hi-C,,,53885,94,89,3,2,206.8147293,138245.9574,516,1056861.735,388.5,931.5,214,10077681,5.140652441,2.712649702,95.7,0.9,15,0.5323,0.277131,454513082,30,0.004380717,0.079787343,70,17,17,77
PRJEB59381,Metazoa,HiFi+Hi-C,,,159099,20,15,1,4,29.21825009,1942754.15,692,4745256.841,371.5,8963.75,206,18080651,6.288417845,2.840106094,96.3,0.9,16,0.4598,0.460255,684503690,40,0.003691332,0.123950838,13,9,8,19
PRJEB59385,Metazoa,HiFi+Hi-C,,,233218,250,241,7,2,168.690372,25683.14,616,236318.2745,385.5,1133,199,2730126,4.409648119,2.789580712,97.5,0.9,18,0.5211,0.390112,1482005150,83,0.007167278,0.193664697,143,88,95,234
PRJEB59389,Metazoa,HiFi+Hi-C,,,106755,362,349,6,7,364.0311149,92501.33978,655.5,748903.4077,414.75,1324,202,8364703,4.966148023,2.816572696,94.5,1.2,30,0.6731,0.290015,994420491,33,0.005445013,0.22829317,201,93,88,343
PRJEB59391,Metazoa,HiFi+Hi-C,,,73966,145,117,24,4,225.9887347,79065.18621,743,283469.8308,448,2400,199,2159082,4.897985298,2.870988814,92.9,4,3,0.5109,0.183791,641624903,225,0.008353856,0.060626478,102,47,29,135
PRJEB59393,Viridiplantae,HiFi+Hi-C,,,64715,28,13,13,2,137.1662059,295877.75,16284.5,896358.4667,1504,159629.5,559,4664833,5.471112307,4.211774429,71,2.8,5,0.4255,0.397898,204131913,40,0.025917601,0.033564943,22,24,23,25
PRJEB59399,Metazoa,HiFi+Hi-C,,,162654,88,76,10,2,85.22088292,67331.77273,809.5,332624.3791,416,2600.25,201,2472562,4.828220049,2.908216853,94.6,3.1,18,0.5345,0.50569,1032610752,62,0.004777703,0.094985708,59,36,30,84
PRJEB59769,Metazoa,HiFi+Hi-C,,,63190,128,126,0,2,190.6881298,75249.41406,646.5,610491.9076,380,1264,199,5929626,4.876503123,2.810568529,96.9,0.9,31,0.5287,0.262397,671253109,23,0.004530467,0.102337381,74,29,29,120
PRJEB59771,Metazoa,HiFi+Hi-C,,,54346,26,25,0,1,89.23462287,105064.9615,740,526923.8943,395.25,2401.5,216,2688499,5.021457906,2.86923172,97,0.9,31,0.3058,0.479372,291366727,10,0.00413033,0.03326609,15,13,15,22
PRJEB59773,Metazoa,HiFi+Hi-C,,,76979,271,267,2,2,412.9454189,28612.99262,705,296882.5796,424.5,1332.5,206,3490199,4.456563283,2.848189117,95.2,1.2,5,0.6053,0.233444,656261064,120,0.009713335,0.099015568,201,47,48,261
PRJEB59783,Metazoa,HiFi+Hi-C,,,66291,214,209,3,2,306.3452335,71286.33645,710,840852.4031,454.25,1016,206,12178311,4.853006296,2.851258349,95.1,2.7,5,0.6065,0.215876,698558282,133,0.010540095,0.098366324,175,34,32,193
PRJEB59785,Metazoa,HiFi+Hi-C,,,94796,181,166,8,7,131.6350526,160492.9061,580,1050607.942,348,1101,200,12522176,5.205455841,2.763427994,97,0.9,25,0.609,0.367132,1375013694,54,0.00362287,0.115178014,109,70,73,177
PRJEB59789,Metazoa,HiFi+Hi-C,,,131139,19,13,0,6,51.97091247,1620103.842,651,2797978.492,476,2547093.5,264,9174912,6.209542852,2.813580989,98.8,0.7,21,0.3514,0.644788,365589117,18,0.014345873,0.049627641,14,12,9,15
PRJEB59791,Metazoa,HiFi+Hi-C,,,65865,83,82,1,0,178.9093602,7018.204819,478,56079.48974,354.5,954,225,511675,3.846226039,2.679427897,91.7,0.9,21,0.5055,0.420768,463922066,26,0.011409295,0.12148973,43,28,29,82
PRJEB59793,Metazoa,HiFi+Hi-C,,,92090,147,124,19,4,117.2706013,398039.2789,618,3842144.419,376.5,1286,217,46410828,5.599925931,2.790988475,93.6,0.7,31,0.5837,0.256578,1253511096,45,0.00418588,0.052562588,122,56,44,147
PRJEB59795,Metazoa,HiFi+Hi-C,,,177236,148,131,11,6,102.5156321,121979.8176,685.5,608502.8252,423,1493,210,5044447,5.086287979,2.836007459,96.3,2.7,11,0.7092,0.241971,1443682265,142,0.008457769,0.152540375,77,35,25,137
PRJEB59797,Metazoa,HiFi+Hi-C,,,66191,328,326,2,0,403.2951932,3110.868902,629.5,34630.2032,406.75,1119.75,206,622634,3.49288171,2.798995734,93.3,2.1,8,0.6913,0.145792,813300048,117,0.005538723,0.078458859,188,20,19,327
PRJEB59799,Metazoa,HiFi+Hi-C,,,53927,113,92,17,4,225.1222623,84846.95575,556,256461.1771,383,1066,222,1520814,4.928636265,2.745074792,85.9,0.6,13,0.512,0.45219,501949469,40,0.009123738,0.086282088,102,71,67,111
PRJEB59801,Metazoa,HiFi+Hi-C,,,61061,264,263,1,0,493.1134825,1197.242424,497.5,5647.215762,346,1144.75,204,91550,3.078182098,2.696793085,97.2,0.6,30,0.4896,0.342733,535373721,18,0.006889628,0.093112975,111,69,69,254
PRJEB59803,Metazoa,HiFi+Hi-C,,,62668,101,95,5,1,288.5526974,58905.76238,743,495531.1185,386,1223,216,4955319,4.770157781,2.870988814,96.1,1,10,0.6238,0.454778,350022720,36,0.003013935,0.179804361,61,36,35,99
PRJEB59805,Metazoa,HiFi+Hi-C,,,128584,16,15,0,1,27.43484253,122922.3125,1014.5,486875.8725,581.75,2147.25,225,1948704,5.089630722,3.006252051,99.4,0.7,24,0.2162,0.564229,583199994,26,0.005591097,0.040539295,13,7,6,15
PRJEB59941,Metazoa,HiFi+Hi-C,,,58706,21,12,3,6,90.66245841,887972.2381,3731,1785934.713,547,1155095,243,7582422,5.948399388,3.571825249,96.7,0.3,10,0.2312,0.451878,231628398,25,0.001010182,0.026315121,19,13,10,21
PRJEB59945,Metazoa,HiFi+Hi-C,,,74759,150,140,6,4,269.3437153,145232.0933,626,1227005.572,385.25,1156.25,216,14726548,5.162062597,2.796574333,93.2,1,19,0.6093,0.347072,556909226,29,0.007785811,0.089310273,103,36,37,128
PRJEB59947,Metazoa,HiFi+Hi-C,,,60801,41,40,0,1,114.2598385,61892.97561,442,390808.4182,384,700,212,2503244,4.791641363,2.645422269,94.2,0.4,26,0.2694,0.415285,358831244,14,0.004136824,0.073845431,25,12,10,40
PRJEB59949,Metazoa,HiFi+Hi-C,,,53148,32,32,0,0,99.51352471,889.09375,513,833.541274,314,1169.25,219,2825,2.948947557,2.710117365,96.1,0.9,31,0.4023,0.415085,321564331,11,0.005025227,0.073593187,17,10,10,29
PRJEB59951,Metazoa,HiFi+Hi-C,,,206711,108,96,6,6,102.1643736,587806.6574,554,2982598.399,337,1404.5,223,22668049,5.769234501,2.743509765,98.8,0.7,25,0.5121,0.569873,1057119974,41,0.003016022,0.072571979,67,65,62,99
PRJEB59953,Metazoa,HiFi+Hi-C,,,40148,6,6,0,0,27.56633455,2108.333333,1769.5,1386.049879,1147.75,2730.25,699,4421,3.323939275,3.247850567,92,0.6,15,0.1846,0.333186,217656794,14,8.57E-05,0.010591598,3,0,0,6
PRJEB59959,Metazoa,HiFi+Hi-C,,,64973,101,101,0,0,195.3994035,625.7623762,489,397.8723451,351,768,206,1965,2.796409448,2.689308859,93.5,0.6,29,0.4325,0.348811,516890012,19,0.011710058,0.114562562,44,27,28,85
PRJEB60005,Metazoa,HiFi+Hi-C,,,66931,29,26,0,3,96.63568237,168239.7586,653,509405.3045,420,1440,242,1951283,5.225928637,2.814913181,96.9,0.3,17,0.3603,0.559357,300096189,32,0.005365843,0.089025848,18,10,11,26
PRJEB60007,Metazoa,HiFi+Hi-C,,,62730,29,24,2,3,43.4501675,365311.5862,1526,1102021.321,361,5674,207,4334358,5.562663446,3.183554534,97.3,1.2,12,0.6656,0.258142,667431259,65,0.000604077,0.024894079,21,5,0,29
PRJEB60009,Metazoa,HiFi+Hi-C,,,193989,31,17,9,5,12.71877725,4357436.839,9196,16715548.06,1903.5,190524,213,83045473,6.639231101,3.963598963,99.3,9.8,47,0.3894,0.128472,2437341216,110,0.000506629,0.015191885,27,17,10,31
PRJEB60011,Metazoa,HiFi+Hi-C,,,64833,1,0,0,1,2.565406613,1591506,1591506,,1591506,1591506,1591506,1591506,6.20180828,6.20180828,89.9,4.9,5,0.4222,0.381015,389801755,81,2.04E-05,0.015022789,1,1,0,1
PRJEB60201,Viridiplantae,HiFi+Hi-C,,,118936,45,36,5,4,57.42026637,265741.1111,1435,784219.0754,701,5064,283,3228291,5.424458747,3.156851901,98.8,8.9,20,0.6565,0.299689,783695424,38,0.005232922,0.091173899,40,18,13,42
PRJEB60211,Metazoa,HiFi+Hi-C,,,52581,45,37,4,4,101.2635761,305159.6,625,929356.9413,407,996,211,4776717,5.484527037,2.795880017,96.3,0.6,22,0.4549,0.375151,444384859,22,0.008061097,0.083824158,34,21,15,42
PRJEB60213,Metazoa,HiFi+Hi-C,,,76021,85,85,0,0,129.5190353,913,689,696.1634831,390,1177,222,3357,2.960470778,2.838219222,97.3,0.7,31,0.431,0.345941,656274190,23,0.002806601,0.043915254,58,24,30,81
PRJEB60628,Fungi,HiFi+Hi-C,,,19245,16,12,4,0,272.1626697,30372.25,1122,93614.71165,491.75,8249,220,376980,4.482476966,3.049992857,97.1,2.9,18,0.3738,0.306077,58788371,4,0.007339682,0.116186147,9,3,5,14
PRJEB60632,Metazoa,HiFi+Hi-C,,,159923,134,124,6,4,179.8153142,150319.791,510.5,947101.9541,365.25,1002.75,200,7694296,5.177016163,2.707995746,96.9,1.8,10,0.4566,0.378422,745209053,77,0.008214276,0.123897128,57,53,55,121
PRJEB60634,Metazoa,HiFi+Hi-C,,,55915,46,46,0,0,120.5736847,582.1086957,467.5,413.1345344,341.75,569.25,224,2129,2.765004087,2.669781615,92.4,0.4,28,0.359,0.377284,381509449,14,0.01532317,0.048461526,30,6,6,40
PRJEB60636,Metazoa,HiFi+Hi-C,,,91693,82,75,3,4,129.9356574,296119.4634,724,1596074.133,396.25,1743,204,11913303,5.471466954,2.859738566,97,0.1,13,0.6578,0.446422,631081580,52,0.006514121,0.061239236,69,23,19,81
PRJEB60638,Metazoa,HiFi+Hi-C,,,58701,82,79,2,1,181.9104249,79668.68293,516,695100.7614,342.25,830,203,6295417,4.901287638,2.712649702,95.5,0.9,30,0.5253,0.37424,450771307,15,0.005671129,0.097582909,52,22,20,78
PRJEB60640,Metazoa,HiFi+Hi-C,,,82224,228,227,0,1,360.9027618,10608.02632,480.5,150385.7584,322.25,742.5,202,2271406,4.025634588,2.681693392,94.8,0.3,31,0.5013,0.363292,631749114,22,0.007750648,0.206535427,134,66,68,210
PRJEB60642,Metazoa,HiFi+Hi-C,,,46143,30,29,1,0,127.9704938,15211.36667,501.5,78517.66202,324,1066.25,241,430902,4.182168235,2.700270937,96.9,0.9,6,0.3307,0.324572,234429040,36,0.00358896,0.078111254,18,8,7,28
PRJEB60644,Metazoa,HiFi+Hi-C,,,118344,10,2,6,2,17.58687882,638035.9,431746,690417.5321,195385.25,776511.75,635,2021146,5.804845116,5.635228323,98.2,0.3,20,0.2987,0.631509,568605726,26,0.002368803,0.046964988,10,9,10,10
PRJEB60650,Metazoa,HiFi+Hi-C,,,76288,180,180,0,0,255.0985386,742.8722222,607,472.071011,408,938.75,216,3321,2.870914119,2.783188691,95.1,0.3,30,0.5356,0.307505,705609687,25,0.004685617,0.095463843,103,48,51,176
PRJEB60652,Metazoa,HiFi+Hi-C,,,56123,11,5,5,1,32.72596326,235893.5455,14519,557915.2236,1723,83394,270,1866203,5.372716058,4.161936705,97,69.5,38,0.2426,0.287394,336124560,12,0.001513732,0.021774814,8,8,6,11
PRJEB60660,Metazoa,HiFi+Hi-C,,,89971,53,38,5,10,81.53804243,504099.9434,945,1290617.353,527,14756,221,6709160,5.702516649,2.975431809,93.3,0.7,12,0.6822,0.462526,650003341,59,0.003408439,0.043618899,42,29,25,53
PRJEB60705,Metazoa,HiFi+Hi-C,,,68416,161,159,1,1,260.9332997,21891.42236,536,239962.8598,350,838,204,3024018,4.34027398,2.72916479,94.9,1.8,4,0.5471,0.210076,617015920,159,0.00898323,0.107420187,99,20,18,153
PRJEB60707,Metazoa,HiFi+Hi-C,,,54499,33,24,8,1,96.08144632,92469.18182,1415,280090.0567,671,20770,208,1547187,4.965997015,3.15075644,95.2,3.6,20,0.4968,0.29912,343458610,41,0.002848383,0.0701284,30,7,4,30
PRJEB60709,Metazoa,HiFi+Hi-C,,,50523,26,23,2,1,117.0212235,368216.3462,804.5,1855794.158,490.25,2416.25,278,9466807,5.566103064,2.905526048,95.5,1.2,5,0.2347,0.40038,222181919,43,0.002496755,0.040061428,21,11,11,25
PRJEB60711,Metazoa,HiFi+Hi-C,,,75505,65,64,0,1,107.2992952,26601.63077,471,209195.0845,357,782,219,1687233,4.424908261,2.673020907,96.4,0.9,30,0.5744,0.383048,605782171,22,0.002222567,0.049577906,40,17,20,64
PRJEB60713,Metazoa,HiFi+Hi-C,,,78267,134,132,1,1,231.4735834,14495.9403,483,158517.8837,319,664.75,203,1835694,4.161246392,2.683947131,96.3,1.2,31,0.4588,0.360752,578899752,20,0.009873324,0.140586199,73,43,43,125
PRJEB60715,Metazoa,HiFi+Hi-C,,,82518,132,130,0,2,219.1915784,81522.05303,621.5,673264.6599,407.25,961.25,200,6651217,4.911275108,2.793441133,96.9,1.2,31,0.458,0.392227,602212918,20,0.013090472,0.133106778,83,38,40,121
PRJEB60717,Metazoa,HiFi+Hi-C,,,78705,22,14,5,3,34.25077805,449593.1364,2121,1015368.193,436,265483,284,4318374,5.652819673,3.326540669,89.7,0.9,18,0.6445,0.341598,642321175,36,0.000506489,0.04269153,17,8,5,21
PRJEB60719,Metazoa,HiFi+Hi-C,,,160589,4,3,0,1,3.448191762,361546.25,499.5,722124.5005,472.5,361573.25,453,1444733,5.558163861,2.698535493,93.6,86.6,49,0.5006,0.378595,1160028292,24,7.44E-05,0.003846021,2,2,1,4
PRJEB60725,Viridiplantae,HiFi+Hi-C,,,217183,61,42,11,8,52.73751793,674487.5574,2850,2114755.152,813,89957,234,13485773,5.828973942,3.45484486,99.4,46.2,14,0.6063,0.313393,1156671804,84,0.001629159,0.042351183,49,41,30,55
PRJEB60822,Metazoa,HiFi+Hi-C,,,59251,42,27,12,3,131.9120795,208687.5952,1690.5,498066.482,575.75,90373.5,299,2193010,5.319496635,3.228015175,97.3,2.4,34,0.4689,0.298122,318393889,18,0.006217126,0.085924885,34,22,8,37
PRJEB60824,Metazoa,HiFi+Hi-C,,,106987,130,125,4,1,222.379769,19779.26923,544,145853.4782,354.25,1061.25,207,1610217,4.296210242,2.7355989,94.5,1.5,30,0.5129,0.407251,584585552,21,0.004508166,0.053339542,63,48,44,125
PRJEB60826,Metazoa,HiFi+Hi-C,,,67229,75,71,3,1,163.5300787,39090.2,428,235529.8654,310,683,222,1920817,4.592067892,2.631443769,91.5,0.3,27,0.3916,0.453524,458631223,18,0.009096481,0.124115195,25,26,25,48
PRJEB60828,Metazoa,HiFi+Hi-C,,,100964,172,169,1,2,241.5720691,46038.21512,558,471595.4731,361.5,705.25,202,6017999,4.663118478,2.746634199,96.6,1,31,0.5162,0.380923,712002843,24,0.00474397,0.128309793,111,58,54,159
PRJEB60830,Metazoa,HiFi+Hi-C,,,65438,84,67,13,4,168.7189672,206971.1071,1260.5,693314.9759,443,4669.5,229,4019299,5.315909723,3.10054285,96.6,1.5,35,0.4909,0.256989,497869335,22,0.008636794,0.094654972,56,39,31,82
PRJEB60832,Metazoa,HiFi+Hi-C,,,61071,59,58,1,0,196.6804723,1166.491525,513,3579.999983,317.5,730.5,212,27798,3.066881588,2.710117365,96.9,0.9,31,0.3179,0.461853,299978942,10,0.007882041,0.129134016,33,23,25,54
PRJEB61035,Metazoa,HiFi+Hi-C,,,41697,3,1,2,0,14.21973377,195430.3333,108658,249615.6598,54719.5,292755,781,476852,5.290991973,5.036061707,72.5,1.2,39,0.1737,0.216209,210974414,9,0.000301416,0.013082786,2,2,0,3
PRJEB61044,Metazoa,HiFi+Hi-C,,,41700,23,23,0,0,84.80706847,1596.391304,818,1895.019039,462.5,1862,212,7481,3.203139353,2.912753304,88.1,0.7,36,0.2942,0.300015,271203809,19,0.000800444,0.030896068,12,2,2,23
PRJEB61048,Metazoa,HiFi+Hi-C,,,152157,108,99,9,0,61.82404491,26372.31481,582,123433.6916,388.25,1327,201,971872,4.421148251,2.764922985,99,3.7,22,0.3286,0.131354,1746893141,87,0.007221149,0.028804949,69,20,23,93
PRJEB61126,Metazoa,HiFi+Hi-C,,,68435,73,64,4,5,170.4227033,132481.4658,556,455764.7598,403,1268,219,2371820,5.122155124,2.745074792,84.1,0.3,30,0.3299,0.468198,428346685,15,0.009741136,0.059615265,47,27,34,67
PRJEB61130,Metazoa,HiFi+Hi-C,,,47660,105,104,0,1,151.9394335,33893.08571,626,338355.4951,442,964,206,3467975,4.53011111,2.796574333,95.4,2.1,5,0.7093,0.098157,691064838,122,0.004145548,0.04931956,42,5,4,104
PRJEB61132,Metazoa,HiFi+Hi-C,,,60795,83,83,0,0,214.7139407,915.746988,460,1420.951509,326,839,200,8788,2.961775499,2.662757832,91.2,0.6,12,0.4385,0.401939,386560834,31,0.005923494,0.071151601,47,17,17,78
PRJEB61136,Metazoa,HiFi+Hi-C,,,171564,328,35,279,14,216.721677,372390.9329,81887.5,1835430.486,31593,197964.5,239,29692093,5.570999098,4.913217612,73.1,7.7,27,0.3435,0.166833,1513461895,96,0.004229918,0.030819382,320,258,181,325
PRJEB61332,Metazoa,HiFi+Hi-C,,,61921,72,63,5,4,103.880596,562254.25,1715,2643118.335,651.5,4389.75,199,19103995,5.749932747,3.234264124,93.9,1.2,7,0.5888,0.162122,693103455,109,0.002260966,0.03430209,39,12,7,71
PRJEB61336,Metazoa,HiFi+Hi-C,,,111688,39,38,0,1,63.50601207,30066.84615,426,182725.1808,305,765,210,1141894,4.478087875,2.629409599,98.8,0.6,21,0.281,0.532424,614115085,29,0.007542904,0.051142594,21,13,13,34
PRJEB61340,Metazoa,HiFi+Hi-C,,,56352,79,78,0,1,225.1508566,63929.50633,434,563036.8135,284,696.5,203,5004962,4.805701351,2.63748973,96,0.9,31,0.4144,0.422547,350875858,12,0.005431378,0.096425727,44,27,27,74
PRJEB61344,Metazoa,HiFi+Hi-C,,,66619,168,166,2,0,296.7673687,2541.690476,520.5,22055.96467,326.5,848.75,207,285458,3.405122662,2.716420734,96.6,1,31,0.4598,0.399621,566099975,19,0.004468646,0.144320335,81,50,56,164
PRJEB61346,Viridiplantae,HiFi+Hi-C,,,52593,28,3,25,0,170.0409946,157532.2857,93074,178880.5268,45000.75,224361,817,888150,5.197369574,4.968828379,88.2,0.7,20,0.254,0.688243,164666174,8,0.000236162,0.071987899,28,26,32,28
PRJEB61352,Metazoa,HiFi+Hi-C,,,60807,62,62,0,0,133.665535,963.6612903,477,1138.59371,332.25,916.75,220,6100,2.983924414,2.678518379,95.4,0.7,38,0.4783,0.437028,463844326,12,0.003448615,0.047842863,35,17,17,57
PRJEB61354,Metazoa,HiFi+Hi-C,,,71483,285,278,6,1,370.9201579,6782.473684,604,70825.91142,375,1192,203,1170653,3.831388117,2.781036939,95.4,0.6,30,0.54,0.305438,768359427,26,0.010066677,0.129052455,135,69,75,276
PRJEB61356,Metazoa,HiFi+Hi-C,,,68896,70,70,0,0,167.8555584,675.9428571,455,752.6611895,321.5,729.5,214,5643,2.829909983,2.658011397,96.4,0.9,31,0.3322,0.413701,417025213,14,0.012315939,0.085319966,31,20,21,48
PRJEB61358,Metazoa,HiFi+Hi-C,,,100301,296,290,4,2,305.258314,26953.37838,562,362757.8487,352.75,1076,199,6056055,4.430613208,2.749736316,96.1,1.9,29,0.6081,0.299701,969670559,34,0.005802249,0.143348187,174,76,81,284
PRJEB61360,Metazoa,HiFi+Hi-C,,,45309,100,99,0,1,364.2771815,22549.07,438,217771.6613,379.25,1258,252,2178482,4.353128635,2.641474111,94.2,0.4,29,0.3152,0.379869,274516234,10,0.00564554,0.097359439,70,21,20,95
PRJEB61364,Metazoa,HiFi+Hi-C,,,68497,137,135,0,2,253.664266,44627.75912,508,427678.4979,357,883,206,4888005,4.64960508,2.705863712,96.9,1.5,31,0.4383,0.42054,540083955,18,0.007323026,0.094178904,67,47,49,134
PRJEB61370,Metazoa,HiFi+Hi-C,,,57148,81,81,0,0,259.768349,751.8024691,543,757.5684527,346,777,207,4896,2.876103748,2.73479983,97,0.4,30,0.3616,0.444203,311816279,11,0.007176252,0.133924856,52,23,24,74
PRJEB61437,Metazoa,HiFi+Hi-C,,,59588,56,49,5,2,248.8950571,147256.2679,693,699930.9824,420.25,1839.25,216,3853978,5.168073789,2.840733235,91.5,0.9,14,0.3739,0.425855,224994424,16,0.005873102,0.061068467,46,13,14,54
PRJEB61482,Metazoa,HiFi+Hi-C,,,43772,129,118,9,2,512.1282571,101491.2093,557,683790.4878,382,868,221,6441846,5.006428427,2.745855195,86.3,1,15,0.3125,0.370168,251890026,22,0.010172165,0.061448541,105,29,21,107
PRJEB61484,Metazoa,HiFi+Hi-C,,,41900,22,14,6,2,69.2261707,203603.0455,1069.5,492720.1211,734,21548.5,256,1996909,5.30878427,3.029180789,97.9,0.4,35,0.3791,0.235683,317798887,14,0.002000729,0.040346455,11,7,3,22
PRJEB61492,Metazoa,HiFi+Hi-C,,,49426,11,9,1,1,43.1199256,1314721.091,613,4268039.011,387,5169,208,14181096,6.11883363,2.787460475,98.7,0.7,11,0.2894,0.349328,255102481,21,0.0001889,0.013247278,6,5,4,10
PRJEB61494,Metazoa,HiFi+Hi-C,,,44043,2,0,2,0,5.586682549,280091,280091,161787.4457,222890.5,337291.5,165690,394492,5.447299154,5.447299154,97.6,0.4,13,0.481,0.281383,357994209,31,5.44E-05,0.008678858,2,2,0,2
PRJEB61496,Metazoa,HiFi+Hi-C,,,139594,30,23,4,3,68.7990569,631330.5,605.5,1782895.905,329.5,2485,228,6353243,5.800256771,2.782114147,97.9,0,15,0.4524,0.579089,436052489,31,0.003751273,0.038840867,22,16,17,27
PRJEB61498,Metazoa,HiFi+Hi-C,,,67768,44,38,4,2,135.4454191,99407.5,616.5,420928.4899,392.5,2047.5,200,2563609,4.997419152,2.789933081,93.5,0.7,13,0.4255,0.319446,324854102,32,0.004813604,0.101507004,23,19,17,40
PRJEB61500,Metazoa,HiFi+Hi-C,,,71499,125,108,14,3,269.9205635,65620.336,717,270676.6015,428,1524,208,1825556,4.81703845,2.855519156,97.3,0.7,19,0.5639,0.325079,463099211,25,0.007634796,0.061842936,85,45,45,106
PRJEB61502,Metazoa,HiFi+Hi-C,,,57534,43,42,1,0,133.9883982,1075.27907,460,2242.542789,302.5,889,201,14167,3.031521192,2.662757832,93.8,0.4,28,0.3544,0.428475,320923308,12,0.005255906,0.079954216,24,17,18,38
PRJEB61504,Metazoa,HiFi+Hi-C,,,58709,119,117,2,0,264.0002189,2712.89916,682,13523.66377,466.5,1279,221,111692,3.433433651,2.833784375,81,0.6,3,0.5231,0.234386,450757202,148,0.001667227,0.133647676,78,16,13,114
PRJEB61697,Fungi,HiFi+Hi-C,,,22176,6,3,3,0,188.3406644,11743.66667,6394.5,14349.88719,1353.5,16669,669,37237,4.069803716,3.805806592,97.2,0.7,14,0.3747,0.466671,31857167,2,0.003542688,0.087808038,4,1,1,6
PRJEB61851,Viridiplantae,HiFi+Hi-C,,,214088,8,1,4,3,8.617560459,1558270.75,294427,2066926.001,142989.25,2833441.75,8078,4735016,6.192642919,5.468977634,99.8,96.8,22,0.6843,0.279473,928336974,41,8.09E-05,0.010714503,7,5,2,8
PRJEB63411,Metazoa,HiFi+Hi-C,,,37350,31,29,2,0,116.6837352,6111.741935,378,22490.79793,328.5,586.5,233,109968,3.786165008,2.5774918,62.2,0.4,17,0.3063,0.461675,265675417,16,0.015454864,0.086303726,17,9,7,22
PRJEB63419,Metazoa,HiFi+Hi-C,,,68191,122,113,8,1,232.9719027,38443.5,442.5,389305.9719,327,774.25,199,4301465,4.58482292,2.645913275,95.1,0.9,29,0.4317,0.382108,523668299,18,0.013735487,0.088584128,55,29,29,95
PRJEB63421,Metazoa,HiFi+Hi-C,,,105615,132,108,20,4,178.8115845,106573.0227,690,534782.2057,404.75,1369.25,223,5675213,5.027647284,2.838849091,95.1,1.2,12,0.553,0.31843,738207205,81,0.002274466,0.097810509,73,45,31,114
PRJEB63423,Metazoa,HiFi+Hi-C,,,78107,135,126,9,0,220.5199772,10071.1037,480,61929.47799,311.5,844.5,204,679736,4.003077068,2.681241237,96.6,0.6,31,0.5058,0.373604,612189434,21,0.003926486,0.140737969,80,42,40,132
PRJEB63427,Metazoa,HiFi+Hi-C,,,52353,140,137,3,0,406.5009502,7018.371429,854,55576.13612,512.25,1182,234,633722,3.846236348,2.931457871,93.6,1,6,0.4102,0.324642,344402639,60,0.007358957,0.036598781,97,36,34,91
PRJEB63431,Metazoa,HiFi+Hi-C,,,64681,96,89,7,0,289.43581,16160.86458,547.5,82958.77263,353.5,1481.75,218,728030,4.208464591,2.738384124,97.3,1.6,31,0.3548,0.45851,331679760,11,0.00706329,0.117714959,53,31,31,85
PRJEB63433,Metazoa,HiFi+Hi-C,,,77332,148,140,8,0,242.1132825,6779.722973,482.5,53521.79764,340.25,831,204,639436,3.831211948,2.683497318,97.3,1.2,31,0.4655,0.357584,611284100,21,0.007719001,0.09541305,71,40,41,137
PRJEB63437,Metazoa,HiFi+Hi-C,,,74917,136,117,17,2,222.4472138,70544.63235,432,469253.4149,317.25,851,219,4669814,4.848463974,2.635483747,96.7,0.9,27,0.5601,0.39559,611381000,24,0.007897684,0.119127458,74,49,43,125
PRJEB63439,Metazoa,HiFi+Hi-C,,,67149,126,124,1,1,218.9759448,22797.63492,515,234042.9907,383.75,973.25,212,2625087,4.357889795,2.711807229,96.4,1.3,30,0.5499,0.378267,575405669,20,0.009122819,0.10788457,60,35,38,116
PRJEB63441,Metazoa,HiFi+Hi-C,,,69804,87,83,4,0,187.3484549,2872.402299,500,12843.30051,327.5,781,203,105184,3.458245266,2.698970004,97.2,1,30,0.4417,0.409876,464375327,16,0.006170124,0.040947815,59,30,29,82
PRJEB63443,Metazoa,HiFi+Hi-C,,,74196,169,165,4,0,331.8242959,1700.218935,681,5696.904197,419,1331,199,66326,3.230504848,2.833147112,95.2,0.4,31,0.4079,0.363414,509305684,18,0.006504754,0.126724488,102,41,42,155
PRJEB63445,Metazoa,HiFi+Hi-C,,,94157,122,114,4,4,171.3823027,132402.3197,809.5,756723.6289,472.75,1446.5,222,5970694,5.121895594,2.908216853,97.3,1.2,8,0.5448,0.397413,711858798,88,0.007637075,0.1354289,54,45,41,114
PRJEB63486,Metazoa,HiFi+Hi-C,,,34273,95,91,4,0,243.1573998,3876.557895,1181,15359.44113,752.5,1979,233,114926,3.588446274,3.072249898,95.5,1.5,4,0.3736,0.127179,390693436,121,0.007689667,0.067033654,59,7,10,82
PRJEB63490,Metazoa,HiFi+Hi-C,,,60892,96,86,9,1,287.7915532,34429.67708,541,267156.796,301.5,1137,209,2610425,4.536932949,2.733197265,94.9,0.7,34,0.3757,0.442015,333574766,12,0.008917285,0.156297572,47,45,39,79
PRJEB63492,Metazoa,HiFi+Hi-C,,,56044,83,80,2,1,235.2831962,26309.6747,624,218524.4129,375,1004.5,199,1990498,4.420115478,2.79518459,96,0.9,25,0.382,0.430843,352766374,14,0.010005241,0.08214096,44,28,27,72
PRJEB63498,Metazoa,HiFi+Hi-C,,,196306,52,41,7,4,76.55155411,230593.1923,883,741799.2852,468.25,3533.75,258,4772978,5.362846482,2.945960704,96.4,0.4,24,0.2598,0.640692,679280788,30,0.005093928,0.048792243,36,33,40,51
PRJEB63502,Metazoa,HiFi+Hi-C,,,53863,75,71,3,1,238.7247089,30670.82667,351,189473.6404,298,558.5,223,1567150,4.486725482,2.545307116,79.5,0.3,36,0.4631,0.413502,314169406,12,0.009191989,0.090496493,27,18,16,64
PRJEB63508,Metazoa,HiFi+Hi-C,,,60745,152,132,16,4,264.7828403,289848.9474,657,2594260.689,399,1259,202,31139693,5.462171728,2.81756537,92.9,1.6,3,0.5659,0.252134,574055327,202,0.000315475,0.048478108,117,54,50,0
PRJEB63510,Metazoa,HiFi+Hi-C,,,47972,152,150,2,0,429.6359583,1345.407895,711,3363.838846,414.75,1543,206,31533,3.128853972,2.851869601,95.1,0.4,4,0.3921,0.246005,353787892,103,0.010911828,0.119031918,76,15,15,138
PRJEB63618,Metazoa,HiFi+Hi-C,,,187797,27,18,6,3,35.80303395,487256.6667,885,1381845.401,530.5,101902.5,290,5713323,5.68775779,2.946943271,98.7,0.6,22,0.41,0.714531,754126034,32,0.002381093,0.035116789,22,22,29,26
PRJEB63620,Metazoa,HiFi+Hi-C,,,188597,174,151,20,3,225.0386749,73213.43678,594.5,388582.5796,376.25,1236,204,3838380,4.864590794,2.774151859,96.7,2.1,13,0.4323,0.596747,773200429,60,0.007482455,0.175442749,107,102,121,147
PRJEB63624,Metazoa,HiFi+Hi-C,,,95968,91,77,13,1,207.8211427,63638.87912,1248,395703.3324,545.5,3396.5,207,3670352,4.803722522,3.096214585,74.1,1.9,5,#N/A,0.60204,437876526,79,0.001737235,0.080448331,86,56,65,0
PRJEB63650,Metazoa,HiFi+Hi-C,,,290447,4,0,2,2,2.156488884,1238408,1249098.5,714098.2776,829702,1657804.5,397765,2057670,6.092863749,6.096596687,97.8,93.9,26,0.5625,0.456485,1854866969,69,1.42E-05,0.011024479,4,4,3,4
PRJEB64061,Metazoa,HiFi+Hi-C,,,66853,104,103,1,0,244.6490668,2416.144231,541,16985.15849,371.5,942.75,212,173806,3.383122856,2.733197265,93.5,1.2,10,0.3906,0.297384,425098699,46,0.00878257,0.050527262,49,27,26,89
PRJEB64067,Metazoa,HiFi+Hi-C,,,110908,76,66,7,3,109.9512968,225737.7105,494.5,1103876.359,406.25,873.75,220,7960260,5.353604116,2.694166296,97.9,0.7,23,0.363,0.494168,691215131,30,0.007381679,0.05455489,51,36,34,75
PRJEB64069,Metazoa,HiFi+Hi-C,,,132776,83,64,16,3,127.5911116,158217.7108,699,723237.3341,402.5,5536,214,5441080,5.199255097,2.844477176,98.7,0.3,24,0.2948,0.534523,650515533,29,0.006421271,0.063537883,58,36,37,79
PRJEB64071,Metazoa,HiFi+Hi-C,,,174910,158,116,33,9,152.4391213,252978.2089,811,1031832.309,447.75,28662.75,204,10287817,5.403083113,2.909020854,92.7,3.1,16,0.5537,0.563308,1036479341,69,0.004097747,0.100155685,123,87,91,152
PRJEB64077,Metazoa,HiFi+Hi-C,,,71667,39,34,5,0,124.2915406,2920.589744,694,6112.091785,395.5,1088,275,26974,3.465470556,2.84135947,91.8,2.5,5,0.3914,0.456076,313778394,63,0.001358349,0.041264653,32,18,18,37
PRJEB64079,Metazoa,HiFi+Hi-C,,,133449,38,23,11,4,82.82484184,397861.5,2067,1027048.235,598.5,88828,217,3962976,5.599731916,3.315340477,94.2,0.6,28,0.299,0.597265,458799548,17,0.000962649,0.06582236,28,27,30,32
PRJEB64081,Metazoa,HiFi+Hi-C,,,82000,96,84,9,3,188.7686221,99287.9375,538,446743.025,364,1381,213,3828251,4.996896489,2.730782276,93,0.3,36,0.6146,0.353567,508559097,21,0.002691202,0.028925937,57,33,29,78
PRJEB64083,Metazoa,HiFi+Hi-C,,,98547,435,421,9,5,341.3785975,45988.29655,549,409806.6953,383.5,880.5,200,6241603,4.662647323,2.739572344,95.1,1,11,0.7839,0.224376,1274245085,123,0.005349066,0.150406849,219,132,128,425
PRJEB64085,Metazoa,HiFi+Hi-C,,,54633,81,78,0,3,285.4156956,95088.45679,431,486215.6302,296,743,201,2829010,4.978127799,2.63447727,92.3,0.6,28,0.3269,0.438389,283796586,10,0.008848812,0.123933007,47,29,27,78
PRJEB64087,Metazoa,HiFi+Hi-C,,,54889,116,107,6,3,236.0739508,62382.06034,578,406736.3454,369.75,1084.75,205,3813229,4.795059714,2.761927838,94.2,0.6,29,0.4241,0.353542,491371452,18,0.013428001,0.105894554,52,38,41,101
PRJEB64089,Metazoa,HiFi+Hi-C,,,69525,167,158,5,4,257.2869658,93072.97605,566,623805.9671,336,1046.5,200,6036868,4.968823601,2.752816431,96.9,1,31,0.6206,0.257025,649080685,22,0.001330469,0.0759386,92,37,35,161
PRJEB64095,Metazoa,HiFi+Hi-C,,,157880,352,333,16,3,231.6155208,29407.53409,718,206368.757,458.5,1299,207,3232090,4.468458609,2.856124444,96.4,2.4,10,0.7187,0.25484,1519759983,156,0.011923354,0.150110255,169,80,70,336
PRJEB64099,Metazoa,HiFi+Hi-C,,,81003,781,757,14,10,861.7837891,44550.58771,1212,400563.7993,637,1617,199,8195607,4.648853438,3.08350262,91.4,1.6,18,0.7223,0.183501,906259795,70,0.011247597,0.087629185,207,148,131,767
PRJEB64103,Metazoa,HiFi+Hi-C,,,146191,112,45,64,3,95.30899776,326752.7321,29129.5,2330793.204,1121,66675,213,24565768,5.514219228,4.46433303,87.4,2.7,3,0.6337,0.23684,1175125147,326,0.000393811,0.048460826,92,66,35,110
PRJEB64107,Metazoa,HiFi+Hi-C,,,126965,230,194,27,9,234.4337348,211327.3652,766.5,1222651.498,370.75,1821,204,12666953,5.324955738,2.884512159,96.3,1.6,17,0.703,0.302655,981087471,66,0.005304916,0.223843359,155,79,70,222
PRJEB64109,Metazoa,HiFi+Hi-C,,,152051,264,174,85,5,270.9413052,90984.38636,1519,664267.0628,543.5,33972.5,202,10316276,4.95896687,3.181557774,95.4,1.8,3,0.6041,0.258036,974380779,335,4.86E-05,0.014404617,213,126,73,257
PRJEB64111,Metazoa,HiFi+Hi-C,,,68977,241,235,6,0,232.7816438,3292.771784,582,24646.49292,390,965,199,367476,3.517561632,2.764922985,95.4,1.2,5,0.6349,0.145551,1035305001,195,0.000746326,0.087023984,135,29,25,235
PRJEB64155,Metazoa,HiFi+Hi-C,,,169762,49,48,1,0,87.45597513,1171.591837,480,4132.889727,348,664,220,29354,3.068776337,2.681241237,92.3,0.9,28,0.4725,0.699515,560281901,20,0.010611746,0.131225796,22,36,40,45
PRJEB64715,Metazoa,HiFi+Hi-C,,,48691,123,109,14,0,330.890765,10952.10569,744,41795.78862,395,1742.5,218,346525,4.039497626,2.871572936,96.9,1.5,16,0.4846,0.365484,371723883,25,0.005556007,0.099530166,63,54,49,123
PRJEB64719,Metazoa,HiFi+Hi-C,,,51794,18,12,5,1,84.30298786,333772,1449.5,1261711.127,427.75,16249,232,5369126,5.523449901,3.16121822,88.8,0,12,0.2937,0.406048,213515564,21,0.009124996,0.071206294,16,13,12,18
PRJEB64745,Metazoa,HiFi+Hi-C,,,105576,29,20,9,0,27.79910435,50610.55172,2383,162001.8381,595,15497,273,639976,4.704241072,3.377124042,94.8,0.3,43,0.1152,0.148322,1043199077,76,0.009272592,0.019548079,25,7,9,0
PRJEB64765,Viridiplantae,HiFi+Hi-C,,,99895,8,5,3,0,25.0456206,127847.25,2353.5,237094.9442,645.75,161654,329,684883,5.106691391,3.371714203,99,15.2,16,0.4337,0.391333,319417120,19,0.001468195,0.036031794,6,3,1,7
PRJEB64942,Metazoa,HiFi+Hi-C,,,148227,30,20,10,0,42.3744941,21887.4,1503.5,46452.77267,668.5,24346,230,235616,4.340194175,3.177103432,96.7,0,23,0.2459,0.579808,707973054,31,0.002315745,0.040211335,22,17,19,29
PRJEB64950,Metazoa,HiFi+Hi-C,,,118872,96,79,15,2,139.65293,89230.39583,828.5,672692.1699,415.25,3021.25,205,6507494,4.95051282,2.918292513,95.4,0.1,24,0.27,0.524806,687418445,30,0.003675947,0.03476568,60,42,42,85
PRJEB64952,Metazoa,HiFi+Hi-C,,,45394,4,2,1,1,11.5380625,755096,341177.5,1102700.882,787,1095486.5,481,2337548,5.87800217,5.532980383,97,2.4,11,0.4854,0.279405,346678656,32,2.75E-05,0.011727915,4,2,0,4
PRJEB64954,Metazoa,HiFi+Hi-C,,,68977,115,112,1,2,284.1714086,60802.23478,630,443769.0401,368.5,1314.5,199,3970695,4.783919542,2.799340549,97.9,1.2,44,0.4214,0.455914,404685329,17,0.006558797,0.061175458,65,40,37,110
PRJEB64966,Metazoa,HiFi+Hi-C,,,2484,2,0,1,1,6.114704388,910062,910062,962728.711,569686,1250438,229310,1590814,5.959070981,5.959070981,97,0.9,45,0.3695,0.011391,327080407,20,0.002658904,0.027972465,2,0,0,2
PRJEB64976,Metazoa,HiFi+Hi-C,,,42340,46,33,13,0,153.6737196,11415.41304,624,21583.79033,428,23029,238,118071,4.05749163,2.79518459,98.5,0.9,30,0.3639,0.213509,299335502,16,0.000389992,0.029185242,41,1,1,45
PRJEB65182,Metazoa,HiFi+Hi-C,,,174191,128,67,59,2,66.27083178,186415.4063,3860,1158369.636,757.5,131389.75,224,13076379,5.270481802,3.586587305,87.6,8,13,0.3904,0.127737,1931468137,171,0.004756948,0.026212457,113,60,59,121
PRJEB65184,Metazoa,HiFi+Hi-C,,,87697,138,131,5,2,100.8855719,246778.7464,942.5,2434689.871,557,1838.25,207,28086695,5.392307754,2.974281359,96.9,1.2,17,0.4131,0.172233,1367886383,93,0.00369321,0.052222233,91,28,24,127
PRJEB65186,Metazoa,HiFi+Hi-C,,,71262,25,15,10,0,38.64570821,60596.68,1894,146858.813,982,45461,287,692380,4.78244883,3.277379975,89.4,0.6,23,0.2372,0.492223,646902364,29,0.004111226,0.06066896,20,17,22,23
PRJEB65188,Metazoa,HiFi+Hi-C,,,59709,155,145,8,2,367.8522595,81178.76774,513,603567.8744,366.5,809,229,5367544,4.909442455,2.710117365,84.2,1.2,11,0.5544,0.381994,421364817,37,0.009674694,0.077413085,83,64,67,128
PRJEB65196,Metazoa,HiFi+Hi-C,,,69293,4,4,0,0,7.034253705,2506.75,1579,2957.466638,346.75,3739,283,6586,3.399111024,3.19838213,95.5,1.3,31,0.5373,0.357373,568645967,20,0.010662456,0.115115452,2,1,1,4
PRJEB65200,Metazoa,HiFi+Hi-C,,,48543,65,59,5,1,214.6958773,52571.61538,446,270705.5918,314,771,202,1973474,4.720751322,2.649334859,72.5,0.3,23,0.3783,0.436594,302753834,16,0.008146274,0.135897789,38,26,27,57
PRJEB65202,Metazoa,HiFi+Hi-C,,,82971,205,180,17,8,287.5963632,157757.0488,934,857993.7092,553,1684,200,10384998,5.197988773,2.970346876,93.3,1.3,14,0.6432,0.227694,712804563,63,0.010854662,0.114354117,113,48,33,158
PRJEB65204,Metazoa,HiFi+Hi-C,,,60281,104,90,11,3,179.8070718,61145.14423,965,285011.7181,433.75,1977,218,2061323,4.786361974,2.984527313,80.2,1.2,3,0.6566,0.1877,578397718,162,0.004699305,0.091394994,65,28,20,103
PRJEB65206,Metazoa,HiFi+Hi-C,,,56715,112,104,8,0,326.8582605,3550.4375,476,14505.65792,309.75,888.25,200,130289,3.550281872,2.677606953,95.8,1.9,36,0.434,0.422597,342656171,12,0.005349639,0.149544235,74,36,32,105
PRJEB65208,Metazoa,HiFi+Hi-C,,,177239,265,205,49,11,202.8383715,158187.1623,831,681232.914,435,5865,217,5609623,5.199171235,2.919601024,98.1,0.6,14,0.5189,0.429161,1306458921,92,0.013857858,0.183195225,167,109,96,242
PRJEB65210,Metazoa,HiFi+Hi-C,,,28061,40,23,15,2,37.24977467,86523.8,6669.5,318077.5904,1538,28369.5,204,1769882,4.937135585,3.824093277,95.1,0,43,0.0985,0.200303,1073831999,78,0.002843781,0.014079938,31,12,12,0
PRJEB65216,Viridiplantae,HiFi+Hi-C,,,113628,1,1,0,0,2.789805925,4830,4830,,4830,4830,4830,4830,3.683947131,3.683947131,97.7,10.1,8,0.5017,0.490014,358447873,301,6.73E-06,0.006634109,1,1,2,1
PRJEB65222,Viridiplantae,HiFi+Hi-C,,,130697,36,30,3,3,71.10235032,548993.0833,1009,2244084.29,624,2835.75,253,13145823,5.739566873,3.003891166,99.4,54.4,17,0.5462,0.33674,506312377,30,0.011429722,0.120537344,25,9,4,36
PRJEB65228,Metazoa,HiFi+Hi-C,,,90545,196,173,22,1,271.5839155,16205.46939,782,86483.12714,411,1887,204,1057695,4.209661615,2.893206753,78.1,2.8,17,0.6437,0.255979,721692224,108,0.008657471,0.183243499,128,57,52,188
PRJEB65230,Metazoa,HiFi+Hi-C,,,61327,56,50,5,1,109.9110916,87315.58929,501.5,549334.4849,320.75,1435.75,203,4096666,4.941091789,2.700270937,91.4,1.2,29,0.5396,0.363622,509502719,20,0.010555769,0.136800402,24,11,11,52
PRJEB65232,Metazoa,HiFi+Hi-C,,,41054,11,6,2,3,66.09355424,1311934.818,7433,2324282.925,622,1898690.5,247,7227260,6.117912258,3.871164133,89.1,4.8,6,0.1324,0.40283,166430753,28,0.003334418,0.018603591,6,8,6,9
PRJEB65258,Metazoa,HiFi+Hi-C,,,247793,18,5,12,1,18.63400935,184638.9444,23325,332288.9702,8547.75,202301.75,363,1315313,5.266323309,4.367821652,90,2.5,45,0.3246,0.595317,965975688,31,0.004543227,0.047955818,18,12,16,18
PRJEB65262,Metazoa,HiFi+Hi-C,,,171037,115,93,16,6,143.1770545,146722.0783,659,627721.0531,404.5,1613.5,203,4554579,5.16649547,2.818885415,98.7,1.2,21,0.3628,0.636987,803201326,34,0.00565304,0.126111536,71,59,66,111
PRJEB65375,Metazoa,HiFi+Hi-C,,,115398,26,9,17,0,45.78603418,69329.23077,23461,161956.2636,2877,52201,207,820110,4.840916382,4.37034652,98.1,0.4,25,0.2234,0.588936,567858747,24,0.001324741,0.045263252,23,18,24,25
PRJEB65391,Metazoa,HiFi+Hi-C,,,93393,57,55,2,0,71.25203442,7386.350877,594,34445.55965,343,993,253,191179,3.868429934,2.773786445,96.9,0.7,31,0.5559,0.362471,799977158,27,0.01080328,0.16059235,30,6,4,53
PRJEB65393,Metazoa,HiFi+Hi-C,,,102057,435,407,26,2,553.351348,17889.78161,869,111302.7152,448,1538.5,200,1615592,4.252605039,2.939019776,95.1,1,5,0.6411,0.280959,786118985,194,0.007127222,0.176726534,305,117,104,342
PRJEB65405,Metazoa,HiFi+Hi-C,,,411087,386,370,16,0,207.4748706,4178.5,916,18976.54594,442.25,1737.25,207,220964,3.621020407,2.961895474,93.9,0.6,12,0.4212,0.600425,1860466277,154,0.008038622,0.069844311,193,197,222,355
PRJEB65657,Viridiplantae,HiFi+Hi-C,,,85243,7,7,0,0,17.11773588,1895,1247,1945.414523,631,2391,337,5637,3.277609214,3.095866453,98.7,3.3,15,0.6383,0.291541,408932586,28,0.000937603,0.032821444,4,3,4,7
PRJEB65661,Metazoa,HiFi+Hi-C,,,63241,46,44,2,0,86.7975354,1756.347826,578,3828.283417,376.25,1422.5,212,24209,3.244610528,2.761927838,97.2,0.6,32,0.4522,0.324166,529968965,19,0.003115477,0.126374128,24,11,10,42
PRJEB65663,Metazoa,HiFi+Hi-C,,,80513,161,144,17,0,219.476824,8703.484472,543,35810.42906,368,1267,207,382024,3.939693159,2.73479983,93.6,1.2,29,0.5729,0.33776,733562647,26,0.007093133,0.116395662,85,55,57,154
PRJEB65667,Metazoa,HiFi+Hi-C,,,41149,4,3,1,0,19.1458163,4425.5,1210,6911.671361,836,4799.5,506,14776,3.645962345,3.08278537,97.8,0.3,11,0.2011,0.352665,208922928,20,0.00271505,0.043182379,3,0,0,4
PRJEB65671,Metazoa,HiFi+Hi-C,,,60554,2,2,0,0,8.859076914,1188,1188,79.19595949,1160,1216,1132,1244,3.074816441,3.074816441,84.5,1.6,24,0.4892,0.461381,225757155,9,0.000237506,0.023253837,1,0,0,2
PRJEB65675,Viridiplantae,HiFi+Hi-C,,,105301,31,8,11,12,43.08900244,4697002.516,108153,8824722.575,9957,5212236.5,1016,40706989,6.671820793,5.034038571,68.6,1.9,11,0.7574,0.241528,719441116,82,0.001583717,0.006776098,31,20,7,31
PRJEB65679,Viridiplantae,HiFi+Hi-C,,,95332,27,20,5,2,82.18641781,148291.1111,2609,403565.9196,450.5,18537.5,220,1539901,5.171115119,3.416474079,97.7,14.5,19,0.4404,0.353641,328521436,17,0.009904617,0.076367841,21,13,9,23
PRJEB65681,Viridiplantae,HiFi+Hi-C,,,97325,11,8,2,1,30.13843072,885367.1818,2048,2907897.16,723,13855.5,468,9652886,5.94712342,3.311329952,98.1,14.4,19,0.4913,0.319054,364982507,21,0.009091993,0.100271546,7,3,2,11
PRJEB65683,Viridiplantae,HiFi+Hi-C,,,98457,7,3,3,1,21.11061689,1067325,21664,2764353.504,580.5,56027.5,363,7336032,6.028296682,4.335738647,98.5,13.6,22,0.4355,0.371195,331586710,17,0.008242351,0.13045683,5,4,1,5
PRJEB65685,Viridiplantae,HiFi+Hi-C,,,153910,52,48,4,0,80.30417306,38288.75,877,150453.8443,484,2213.75,230,837382,4.583071188,2.942999593,99.3,48.8,16,0.6101,0.314852,647537955,38,0.011009984,0.193590898,29,20,19,43
PRJEB65697,Viridiplantae,HiFi+Hi-C,,,224506,47,41,3,3,34.67953821,260234.8298,1087,1211314.145,461,4478,269,8090445,5.415365422,3.036229544,98.5,18.4,22,0.7089,0.25419,1355266028,62,0.002805419,0.089742437,40,20,16,42
PRJEB65709,Metazoa,HiFi+Hi-C,,,100638,36,30,4,2,46.22648313,537002.1111,728,2234987.954,467.25,6058.25,270,11105021,5.729975993,2.862131379,96.9,1.2,34,0.5479,0.400121,778774364,27,0.01160996,0.153945121,15,16,15,32
PRJEB65724,Metazoa,HiFi+Hi-C,,,59456,4,1,3,0,18.4378977,142925.5,103087.5,162822.5591,31460.75,214552.25,1697,363830,5.15510972,5.013206008,97.3,0.4,8,0.2139,0.453716,216944473,36,0.00011266,0.004978469,4,4,2,4
PRJEB65730,Metazoa,HiFi+Hi-C,,,57667,28,27,1,0,48.88370669,27149.78571,977.5,137711.7356,447,1581,207,729811,4.433766406,2.990116766,96.1,0.9,20,0.5809,0.366825,572787988,29,0.004894053,0.163576259,18,12,13,26
PRJEB65734,Metazoa,HiFi+Hi-C,,,338546,32,13,17,2,17.02217664,518977.4375,25167.5,1799416.305,1134.25,102583.5,219,9104684,5.715148477,4.400840077,89.3,0.3,10,0.7284,0.270927,1879900595,232,2.06E-05,0.005114213,27,19,4,31
PRJEB65738,Metazoa,HiFi+Hi-C,,,51670,3,2,1,0,11.05024257,25752.66667,691,43588.33734,587,38387.5,483,76084,4.410822207,2.839478047,98.2,0.3,10,0.3196,0.347906,271487253,28,0.001204993,0.022536925,3,1,1,3
PRJEB66012,Metazoa,HiFi+Hi-C,,,94302,204,201,2,1,219.5020207,9383.838235,640,103797.5769,361.25,1136.75,200,1465684,3.972380513,2.806179974,97.2,2.1,32,0.5513,0.303479,929376410,32,0.004370979,0.140716441,110,46,47,193
PRJEB66018,Metazoa,HiFi+Hi-C,,,130868,284,263,16,5,202.2318433,64732.07394,582.5,473549.1905,358.25,1402.5,200,5066838,4.811119522,2.76529593,95.7,2.2,11,0.6892,0.198715,1404328791,165,0.004095087,0.085969678,119,43,36,281
PRJEB66024,Metazoa,HiFi+Hi-C,,,61181,50,49,1,0,131.9933582,1044.88,478.5,1836.955263,309,1025.75,219,12449,3.019066416,2.679881942,91.8,0.9,28,0.3342,0.392587,378806939,14,0.013916793,0.103523155,30,15,16,45
PRJEB66026,Metazoa,HiFi+Hi-C,,,157436,255,247,4,4,140.5418956,181989.8824,758,1832690.286,460.5,1492,211,26720819,5.260047244,2.879669206,93.6,1.6,5,0.723,0.121335,1814405583,439,0,0,106,31,24,245
PRJEB66036,Metazoa,HiFi+Hi-C,,,167360,30,24,5,1,86.49784199,122246.5,632,640089.2236,441.25,1240.5,213,3510753,5.087236434,2.800717078,97.3,0.9,17,0.5461,0.576448,346829462,20,0.004754539,0.113459461,15,18,21,29
PRJEB66042,Metazoa,HiFi+Hi-C,,,36928,3,3,0,0,13.05025719,560.6666667,441,288.7392134,396,665.5,351,890,2.748704737,2.644438589,93.2,0.6,16,0.1519,0.311769,229880527,14,0.002580413,0.034237493,1,0,0,3
PRJEB66044,Metazoa,HiFi+Hi-C,,,41464,2,1,0,1,7.01745768,685881,685881,969351.4731,343163.5,1028598.5,446,1371316,5.836248772,5.836248772,98.1,1.2,21,0.2783,0.285867,285003500,16,0.002133346,0.022479872,2,1,0,2
PRJEB66046,Metazoa,HiFi+Hi-C,,,48613,6,3,3,0,23.77101637,33766.5,6119.5,48123.47783,820.75,62622.25,593,109256,4.528486047,3.786715939,98.5,0.1,18,0.3029,0.393253,252408223,16,0.007127142,0.057610176,5,3,1,6
PRJEB66052,Metazoa,HiFi+Hi-C,,,47326,6,1,4,1,26.76555122,827651,339524.5,1390600.573,59875.75,609649,4669,3615838,5.917847244,5.530871118,79.5,0.6,14,0.4845,0.407414,224168744,16,0.000136708,0.007574826,6,6,2,6
PRJEB66238,Metazoa,HiFi+Hi-C,,,73232,112,110,2,0,135.0843629,1798.866071,903.5,6895.67809,531.5,1312.25,215,72591,3.254998831,2.955928157,95.4,1.3,3,0.7226,0.15181,829111509,309,0,0,57,14,12,106
PRJEB66244,Metazoa,HiFi+Hi-C,,,63053,117,114,0,3,258.7010911,118018.1795,430,739784.9014,304,654,223,5793527,5.071948911,2.633468456,95.4,0.6,30,0.5021,0.404793,452259399,16,0.010344507,0.147352845,57,41,39,110
PRJEB66246,Metazoa,HiFi+Hi-C,,,32961,16,11,4,1,103.1079547,115467.625,1336,430132.9874,457,13962,332,1727774,5.062460233,3.125806458,87.5,0.6,48,0.4167,0.278431,155177164,11,0.004765686,0.068798539,10,3,2,16
PRJEB66248,Metazoa,HiFi+Hi-C,,,66542,125,120,5,0,280.041438,5165.64,740,25999.0483,455,1493,200,252609,3.713124136,2.86923172,92.1,1,8,0.6186,0.243576,446362513,59,0.005325479,0.108039671,75,32,29,109
PRJEB66250,Metazoa,HiFi+Hi-C,,,41126,108,92,14,2,318.6101188,329943.3611,1041,2501092.321,587.25,3092.75,231,24620051,5.518439394,3.01745073,92.6,1.3,9,0.3702,0.232654,338972285,39,0.012413155,0.046388161,86,19,10,0
PRJEB66252,Metazoa,HiFi+Hi-C,,,49366,35,33,2,0,69.95246604,4355.685714,927,15534.0237,490.5,2827.5,247,92830,3.639056536,2.967079734,95.7,1.9,5,0.5586,0.194587,500339759,95,0.000797486,0.020659372,30,5,5,34
PRJEB66254,Metazoa,HiFi+Hi-C,,,121810,15,12,3,0,55.10907408,65154.8,1127,227956.4005,330.5,2976,205,887225,4.813946416,3.051923916,96.6,1.9,6,0.262,0.65133,272187480,49,0.002293117,0.053125114,12,9,13,13
PRJEB66256,Metazoa,HiFi+Hi-C,,,64060,68,58,10,0,126.5872972,26267.83824,622.5,98062.61716,399.5,1588.75,202,658504,4.419424333,2.794139356,95.8,1.2,5,0.464,0.267798,537178702,99,0.002651768,0.041073106,56,25,21,0
PRJEB66258,Metazoa,HiFi+Hi-C,,,51826,51,37,11,3,207.4582806,173099.6667,1271,552550.3112,580,31622.5,243,3504214,5.238296232,3.104145551,95.8,0.3,5,0.3714,0.34479,245832559,52,0.008311212,0.084693188,34,26,17,45
PRJEB66387,Metazoa,HiFi+Hi-C,,,55029,16,5,10,1,82.34978058,241653.3125,20969,655329.4507,2844,203462.25,298,2672915,5.383192753,4.32157772,89.7,0.7,12,0.2499,0.648252,194293171,16,0.01001772,0.064102735,14,10,8,15
PRJEB66389,Metazoa,HiFi+Hi-C,,,40343,10,7,3,0,57.04454755,6531.7,1285,9735.650067,526,9663,241,27722,3.815026229,3.108903128,98.2,0.4,23,0.1413,0.359123,175301592,10,0.001318864,0.012654032,9,3,3,10
PRJEB66393,Metazoa,HiFi+Hi-C,,,82824,16,0,14,2,27.04021799,667574.3125,238849.5,1185952.435,95139.25,818952.5,27988,4900603,5.824499617,5.378124336,90.6,0.9,13,0.6861,0.442018,591711206,48,0.00021976,0.018463163,16,16,15,16
PRJEB66397,Metazoa,HiFi+Hi-C,,,89742,91,91,0,0,123.1785622,961.1098901,597,988.0824915,353.5,1083.5,205,5767,2.982773046,2.775974331,94,0.6,29,0.4536,0.353196,738764915,27,0.00306261,0.050443039,49,22,26,83
PRJEB66399,Metazoa,HiFi+Hi-C,,,69622,67,60,2,5,135.2595122,494837.9403,1222,2200999.706,495,3618,205,15340784,5.694462991,3.087071206,94.8,4.5,7,0.5764,0.309242,495344090,67,0.004101549,0.072652006,48,23,18,61
PRJEB66403,Metazoa,HiFi+Hi-C,,,57859,409,405,2,2,1067.534462,50328.0709,577,854311.108,445,845,232,17108422,4.701810284,2.761175813,96.3,2.2,9,0.6389,0.379905,383125805,62,0.012751084,0.152245389,145,145,141,357
PRJEB66407,Metazoa,HiFi+Hi-C,,,47097,21,9,10,2,92.47729689,323791.5238,23223,947585.2777,1159,128791,209,4197351,5.510265476,4.365918322,98.4,0.3,13,0.2436,0.375673,227082762,20,0.005749946,0.078745675,18,14,5,20
PRJEB66409,Metazoa,HiFi+Hi-C,,,106097,380,332,47,1,390.1085461,20722.57895,424.5,93550.36496,292,897,201,1340306,4.316443803,2.627877695,93.9,1.5,27,0.6127,0.282832,974087863,36,0.002444907,0.130793608,328,98,79,375
PRJEB66411,Metazoa,HiFi+Hi-C,,,97618,330,322,7,1,436.6064681,104385.3455,479.5,1787312.638,346.5,881,213,32463618,5.018639533,2.680788612,93.3,1.8,20,0.63,0.394505,755829389,41,0.005215259,0.23739599,197,102,110,324
PRJEB66413,Metazoa,HiFi+Hi-C,,,75630,225,197,26,2,284.8703125,27417.81333,865,173458.6148,460,1714,208,1799958,4.438032815,2.937016107,87.8,2.5,3,0.5963,0.134715,789833093,265,0.000310852,0.027190616,130,49,26,222
PRJEB66415,Metazoa,HiFi+Hi-C,,,48711,71,64,5,2,158.0407048,169401.6479,519,1029517.079,320.5,1268.5,217,7779488,5.228917631,2.715167358,96.7,0.9,25,0.4418,0.260594,449251350,19,0.00553585,0.104302751,45,19,17,61
PRJEB66735,Metazoa,HiFi+Hi-C,,,42459,24,24,0,0,68.09637001,593.8333333,409,374.7459043,326.75,728.5,230,1400,2.773664572,2.611723308,98.1,0.4,50,0.4123,0.199288,352441694,20,0.00824058,0.02880109,12,5,5,22
PRJEB66737,Metazoa,HiFi+Hi-C,,,46390,20,15,3,2,66.57938996,287435.75,3329.5,844603.9851,947.25,22729,327,3295124,5.458540783,3.522379019,97.9,1,50,0.2894,0.426493,300393260,13,0.00125343,0.027364101,19,5,2,16
PRJEB66739,Metazoa,HiFi+Hi-C,,,53376,159,121,35,3,287.3872835,106456.8113,719,611861.6265,395.5,7171.5,209,5636377,5.027173454,2.85672889,82.9,0.4,5,0.6164,0.17646,553260388,133,0.013574583,0.108483708,121,44,22,151
PRJEB66741,Metazoa,HiFi+Hi-C,,,45933,40,39,1,0,115.8560433,5288.5,500.5,28519.36513,389.5,754.75,245,181062,3.723332509,2.699404082,98.5,0.1,14,0.3065,0.526642,345256051,23,0.008457779,0.03465115,11,17,17,35
PRJEB66743,Metazoa,HiFi+Hi-C,,,59637,131,106,24,1,233.2134864,72050.9771,826,610482.0476,459.5,2681,222,6982189,4.857639875,2.916980047,93,2.5,3,0.4815,0.15345,561717086,183,0.01211761,0.089113174,90,28,14,122
PRJEB66745,Metazoa,HiFi+Hi-C,,,78749,115,102,12,1,173.2864076,41464.4087,514,363680.1308,363,1301.5,204,3895331,4.617675476,2.710963119,95.7,0.4,20,0.5243,0.27886,663641203,34,0.006581176,0.191540007,73,24,19,112
PRJEB66747,Metazoa,HiFi+Hi-C,,,62690,89,88,1,0,195.7198226,1008.988764,520,2622.550093,355,789,212,24446,3.00388633,2.716003344,97,1.3,31,0.3932,0.367366,454731661,16,0.009332152,0.094830767,44,13,14,74
PRJEB66749,Metazoa,HiFi+Hi-C,,,55196,305,285,14,6,431.0012684,37676.08197,538,232544.8246,331,1072,201,2501740,4.576065733,2.730782276,97.3,0.3,7,0.5792,0.18318,707654530,118,0.005752269,0.063497526,240,48,41,300
PRJEB66753,Metazoa,HiFi+Hi-C,,,60981,39,36,1,2,127.7119188,126806.4872,381,505151.0791,286,611.5,221,2859866,5.103141472,2.580924976,91.2,1,28,0.2246,0.437582,305374787,12,0.015002785,0.064859343,15,16,15,25
PRJEB66759,Metazoa,HiFi+Hi-C,,,59989,93,92,0,1,317.5293111,15204.29032,513,138742.5545,343,861,224,1338770,4.181966154,2.710117365,95.4,0.4,29,0.4027,0.468501,292886347,11,0.006832208,0.162492387,47,35,34,85
PRJEB66763,Metazoa,HiFi+Hi-C,,,74844,107,99,8,0,191.2252273,18529.60748,498,85517.36875,306,925.5,200,582238,4.26786622,2.697229343,97.3,1.8,28,0.5289,0.402182,559549603,21,0.004671875,0.193308557,68,30,25,106
PRJEB66765,Metazoa,HiFi+Hi-C,,,88384,161,156,2,3,176.8813211,66748.06211,531,510875.9149,353,1152,201,5561444,4.824438661,2.725094521,95.7,2.4,28,0.6175,0.322359,910214821,34,0.003349077,0.222442972,101,51,49,158
PRJEB66767,Metazoa,HiFi+Hi-C,,,56122,33,27,5,1,84.0090123,52832.39394,606,206120.8221,390,1188,278,1078199,4.72290029,2.782472624,90.8,0.9,29,0.4271,0.408681,392814998,15,0.005323358,0.089050537,14,10,8,32
PRJEB66769,Metazoa,HiFi+Hi-C,,,94182,96,89,7,0,166.9230019,6475.291667,774.5,26583.33329,383.5,1506.25,203,232624,3.811259335,2.889021422,87.1,1.5,11,0.6004,0.465923,575115466,47,0.002581893,0.080246782,78,41,48,94
PRJEB66771,Metazoa,HiFi+Hi-C,,,64976,16,12,4,0,41.7638215,21195.8125,970.5,46520.07226,339,10560.5,215,178567,4.326250069,2.98699554,91.5,1.2,29,0.4378,0.413654,383106704,14,0.00097256,0.069140424,11,7,4,15
PRJEB66773,Metazoa,HiFi+Hi-C,,,61907,138,124,10,4,220.1369138,75958.42754,494.5,370055.6296,352,766.75,205,2836820,4.880575966,2.694166296,96.3,2.1,12,0.5975,0.224754,626882596,53,0.007408911,0.105467542,79,30,28,133
PRJEB67404,Metazoa,HiFi+Hi-C,,,73405,296,280,16,0,326.9186313,8994.682432,615.5,74091.87639,377.75,1512.5,206,935620,3.953985835,2.789228057,95.1,0.4,30,0.6408,0.243611,905424077,35,0.004643605,0.114821091,183,55,57,290
PRJEB67406,Metazoa,HiFi+Hi-C,,,98352,221,215,4,2,214.2380156,118607.6697,592,1425711.089,408,1059,199,20652171,5.074112773,2.772321707,95.4,1.5,5,0.6833,0.238059,1031562953,194,0.01112707,0.151723984,148,46,44,212
PRJEB67408,Metazoa,HiFi+Hi-C,,,103493,200,173,24,3,217.930878,88521.315,515.5,717334.7291,327.75,1288.5,202,9394537,4.947047857,2.71222867,96.9,1.3,31,0.5537,0.376771,917722178,32,0.003329885,0.107565478,115,68,62,180
PRJEB67410,Metazoa,HiFi+Hi-C,,,77501,92,88,3,1,170.0702213,83813.05435,536,770895.5183,340,926,208,7395815,4.923311668,2.72916479,93.8,0.4,28,0.4632,0.376602,540953021,21,0.005609361,0.098658021,50,27,27,86
PRJEB67414,Metazoa,HiFi+Hi-C,,,83021,44,38,4,2,62.06451113,94487.88636,637.5,315349.6132,310.25,1589.25,208,1580717,4.975376134,2.804480189,93,0.3,10,0.695,0.303049,708939766,82,0.00025534,0.021178467,34,14,13,43
PRJEB67418,Metazoa,HiFi+Hi-C,,,60602,120,112,8,0,224.3125858,7623.783333,805,60337.55906,400.25,1490.5,213,661243,3.882170545,2.90579588,96,1.3,31,0.4273,0.304477,534967753,18,0.00746559,0.09143256,73,29,24,116
PRJEB67420,Metazoa,HiFi+Hi-C,,,59601,319,319,0,0,272.5117013,1166.959248,977,852.2661513,527.5,1419,223,6343,3.06705569,2.989894564,84.1,3.3,6,0.7685,0.07449,1170591936,191,0.007356003,0.119938457,122,27,26,315
PRJEB67424,Metazoa,HiFi+Hi-C,,,67268,268,261,7,0,521.0322878,1866.738806,509.5,10223.65469,328,798.5,200,151637,3.271083556,2.707144188,92.1,0.4,27,0.5324,0.381029,514363517,20,0.007574001,0.184506999,149,84,86,261
PRJEB67426,Metazoa,HiFi+Hi-C,,,52612,33,26,3,4,152.6030296,421385.4242,1131,1149385.307,489,2479,270,6014319,5.624679509,3.053462605,91.2,0.3,5,0.3239,0.376664,216247345,44,0.005473236,0.052230586,22,12,5,28
PRJEB67428,Viridiplantae,HiFi+Hi-C,,,139823,49,36,9,4,63.6841187,235721.9184,1135,661373.8147,477,27161,221,3726725,5.372399967,3.054995862,99,4.1,12,0.5974,0.310609,769422597,67,0.008437479,0.109345897,40,26,28,42
PRJEB67430,Metazoa,HiFi+Hi-C,,,48412,14,13,1,0,47.48845308,2437.071429,616.5,5429.171554,331.5,1117.25,206,20778,3.386868258,2.789933081,98.8,0.4,6,0.3498,0.37429,294808508,66,0.002299882,0.025831229,6,0,0,14
PRJEB67432,Metazoa,HiFi+Hi-C,,,68563,95,88,7,0,212.4986413,3174.6,652,10929.10468,354,1429.5,219,97692,3.501689012,2.814247596,95.8,0.9,5,0.4897,0.377665,447061682,108,0.00865727,0.081952016,59,35,37,91
PRJEB67598,Metazoa,HiFi+Hi-C,,,87986,193,179,13,1,233.4451755,30789.03627,476,305365.9986,333,926,199,4146945,4.488396095,2.677606953,94.3,0.9,32,0.5967,0.388125,826746578,29,0.00663549,0.112283037,103,66,67,180
PRJEB67604,Metazoa,HiFi+Hi-C,,,64753,61,59,1,1,151.5588981,245106.4098,670,1886046.053,406,1056,216,14733108,5.389354669,2.826074803,95.1,0.9,3,0.4435,0.393486,402483792,128,0.008952324,0.080416925,36,20,19,59
PRJEB67606,Metazoa,HiFi+Hi-C,,,104435,519,492,17,10,332.7174671,122751.7881,507,1162313.115,364.5,827,202,18037340,5.089027827,2.705007959,95.5,12.9,14,0.7256,0.117354,1559882036,211,0,0,274,51,32,509
PRJEB67608,Metazoa,HiFi+Hi-C,,,90160,190,173,12,5,293.2547567,58319.02105,502.5,295197.2958,348.25,897.25,199,2548416,4.765810225,2.701136066,95.8,1.2,31,0.5234,0.406891,647900829,22,0.012268187,0.149981026,92,81,81,175
PRJEB67610,Metazoa,HiFi+Hi-C,,,50161,91,90,1,0,230.1358244,1245.549451,788,1885.629758,396.5,1411,223,16078,3.095360974,2.896526217,94.6,0.4,29,0.4572,0.374183,395418663,14,0.002904303,0.074928347,53,26,26,90
PRJEB67612,Metazoa,HiFi+Hi-C,,,136887,329,316,12,1,325.0488213,13768.89058,614,196409.0277,367,1061,199,3545450,4.138898949,2.788168371,96.9,1,25,0.6271,0.364687,1012155647,41,0.003293039,0.198690115,182,98,109,319
PRJEB67618,Metazoa,HiFi+Hi-C,,,79708,24,19,3,2,38.21155778,253780.625,905,924084.0748,347.75,2860.75,199,4385541,5.404458463,2.956648579,95.4,0.4,30,0.5143,0.344066,628082219,23,0.00085612,0.031276633,14,9,9,24
PRJEB67622,Metazoa,HiFi+Hi-C,,,66624,57,56,1,0,123.5897582,8304.473684,456,57940.49956,308,734,210,438057,3.919312113,2.658964843,96.7,1.3,30,0.4855,0.42831,461203265,15,0.004530993,0.140175729,41,31,30,55
PRJEB67624,Metazoa,HiFi+Hi-C,,,125657,323,294,20,9,326.8963806,129521.1827,753,1009029.759,381.5,2081,201,15015325,5.112340801,2.876794976,93,1.2,27,0.6403,0.345482,988080686,36,0.003254911,0.157490398,206,97,95,307
PRJEB67626,Metazoa,HiFi+Hi-C,,,49035,152,150,2,0,357.6099044,1450.894737,636.5,4443.406128,379.5,1417.25,221,49551,3.161635905,2.803798408,94,1,5,0.5061,0.280715,425044156,80,0.006140295,0.111802637,118,41,42,0
PRJEB67749,Metazoa,HiFi+Hi-C,,,89663,164,124,21,19,138.6291267,517366.7195,848,1498497.014,496.75,4985.5,199,7869135,5.713798489,2.928395852,89.6,0.7,28,0.6611,0.208811,1183012574,44,0.002846031,0.043097423,100,58,28,161
PRJEB68013,Metazoa,HiFi+Hi-C,,,58707,40,29,10,1,134.420008,109579.225,1362.5,452700.2093,634.5,12238.75,218,2762004,5.039728225,3.134336511,92,1.8,13,0.359,0.327837,297574748,26,0.002377327,0.039979075,34,13,10,39
PRJEB68017,Metazoa,HiFi+Hi-C,,,69422,171,157,12,2,244.4149641,80455.40351,661,889397.4026,382.5,1336.5,202,11581164,4.905555217,2.820201459,93.2,1.9,28,0.7014,0.270034,699629831,36,0.005373504,0.108961435,85,36,29,167
PRJEB68031,Viridiplantae,HiFi+Hi-C,,,99088,79,63,15,1,192.6180798,57413.39241,793,388529.5089,395,3487.5,239,3448185,4.759013209,2.899273187,98.5,4,44,0.5191,0.311426,410138031,10,0.009727335,0.16486728,61,27,21,74
PRJEB68033,Viridiplantae,HiFi+Hi-C,,,90493,1,0,1,0,2.763334954,188931,188931,,188931,188931,188931,188931,5.276303223,5.276303223,98.7,4.4,31,0.4892,0.34769,361881573,12,2.99E-06,0.003745891,1,1,2,1
PRJEB68037,Viridiplantae,HiFi+Hi-C,,,88554,16,14,0,2,46.97800133,248125.25,1720,692872.1423,356.5,3745.25,289,2424958,5.394670962,3.235528447,98.2,3,29,0.4533,0.371195,340584945,11,0.001609966,0.047066323,13,5,3,13
PRJEB68041,Viridiplantae,HiFi+Hi-C,,,89307,102,91,11,0,276.6234317,14849.07843,431,96939.71695,373.25,1150.25,201,959197,4.171699501,2.63447727,97.8,4.3,34,0.4885,0.356114,368732321,11,0.007076557,0.152668058,91,35,33,97
PRJEB68045,Viridiplantae,HiFi+Hi-C,,,109613,5,2,3,0,8.680271427,282935.6,121435,353965.9434,759,484976,364,807144,5.451687595,5.084343877,98.3,36.1,21,0.5593,0.235269,576018854,27,0.00019414,0.022960761,5,3,0,5
PRJEB68086,Viridiplantae,HiFi+Hi-C,,,106838,6,0,4,2,17.58257025,1515153.667,97297.5,2338687.959,31895.5,2614404.5,23117,5409675,6.180456681,4.988101681,99.5,28,18,0.4787,0.388672,341247037,19,4.13E-05,0.009966955,3,2,0,6
PRJEB68233,Metazoa,HiFi+Hi-C,,,118857,118,84,23,11,146.1370502,274725.7881,758,689297.4726,394.5,88138,208,3877862,5.438899428,2.879669206,95.5,1.2,19,0.4541,0.443596,807461214,41,0.014922969,0.106633038,65,58,40,110
PRJEB68239,Metazoa,HiFi+Hi-C,,,50252,121,119,1,1,245.6609136,130041.2231,830,1416187.886,479,1652,203,15579355,5.114081046,2.919078092,95.4,1,6,0.5302,0.168521,492548848,74,0.003930502,0.055849058,92,18,14,120
PRJEB68253,Metazoa,HiFi+Hi-C,,,54133,8,4,3,1,40.87472776,410966.375,13875.5,739879.379,624.25,464461,368,2098165,5.61380629,4.142248642,98.1,0.6,18,0.1539,0.459876,195719958,12,0.000465732,0.019963461,7,5,4,7
PRJEB68265,Viridiplantae,HiFi+Hi-C,,,76217,1,1,0,0,2.906867534,414,414,,414,414,414,414,2.617000341,2.617000341,99.1,10.5,25,0.6925,0.206478,344012924,15,4.34E-05,0.002990838,0,0,0,0
PRJEB68271,Viridiplantae,HiFi+Hi-C,,,134659,83,77,4,2,81.95360336,49729.6988,937,226491.8547,545.5,2334,233,1554667,4.696615829,2.971739591,99.5,81.1,24,0.6928,0.323054,1012768159,42,0.004181797,0.139905282,64,37,37,78
PRJEB68273,Viridiplantae,HiFi+Hi-C,,,195391,15,9,3,3,20.66731438,702118.4667,8984,1304933.874,511.5,618461.5,305,3966161,5.846410396,3.953469743,99.6,95.6,14,0.6137,0.395555,725783705,51,0.000470655,0.041414027,11,11,11,11
PRJEB68283,Metazoa,HiFi+Hi-C,,,154145,43,28,14,1,45.13812349,89881.51163,4317,371447.6797,1273.5,24665.5,211,2378614,4.953670368,3.635182049,87.1,0,35,0.1105,0.285288,952631538,66,0.005258013,0.016380772,35,15,18,41
PRJEB68285,Metazoa,HiFi+Hi-C,,,135371,31,20,8,3,27.70158742,561762.0323,5233,1649074.77,975,143983,215,7078250,5.749552383,3.718750735,98.2,0.3,47,0.1141,0.319021,1119069443,75,0.003039237,0.012649414,20,14,26,28
PRJEB68287,Metazoa,HiFi+Hi-C,,,164706,23,14,6,3,20.40728311,340828.913,7865,750528.0692,2165,135112,234,2944662,5.53253643,3.895698727,92.6,0,22,0.0804,0.243124,1127048607,94,0.004835327,0.018542241,22,13,17,19
PRJEB68289,Metazoa,HiFi+Hi-C,,,92651,44,28,14,2,38.6645325,123963.6136,5097,454034.7222,1049.75,22719.75,276,2574717,5.093294228,3.707314634,98.2,0,31,0.1253,0.326069,1137993845,85,0.004908215,0.013551632,40,35,48,38
PRJEB68291,Metazoa,HiFi+Hi-C,,,74247,43,39,1,3,57.54384213,408945.7674,626,2265290.144,375,1081,219,14798224,5.611665718,2.796574333,71.7,0.7,49,0.4826,0.504963,747256325,14,0.00348118,0.059439022,28,15,16,42
PRJEB68293,Metazoa,HiFi+Hi-C,,,67968,67,62,2,3,135.1090589,99972.01493,437,433595.1795,331,713,231,2339663,4.999878445,2.640481437,97.3,1.6,30,0.4063,0.386218,495895690,17,0.007442488,0.061259523,32,21,20,49
PRJEB68372,Metazoa,HiFi+Hi-C,,,61823,51,38,10,3,178.8812922,237601.3922,546,614219.1031,353,7877.5,207,3517272,5.375848981,2.737192643,98.4,0.9,16,0.3079,0.400579,285105275,21,0.007073805,0.067331856,39,21,12,49
PRJEB68389,Viridiplantae,HiFi+Hi-C,,,86636,24,21,2,1,58.69323719,115671.7917,1256.5,461201.3098,452.5,3187.25,283,2231443,5.063227463,3.099162493,97.8,3.9,12,0.5171,0.401475,408905713,34,0.002471304,0.084027118,18,14,15,20
PRJEB68391,Viridiplantae,HiFi+Hi-C,,,105013,24,22,2,0,82.85754774,29135.16667,607.5,126615.7943,391.25,1317.75,293,621139,4.464417507,2.783546282,98.9,7.8,11,0.4905,0.45498,289653757,26,0.003140529,0.13726078,16,12,13,15
PRJEB69495,Viridiplantae,HiFi+Hi-C,,,148026,6,0,3,3,8.904216171,3824241.833,2653315.5,4530083.149,661977.25,4730945.75,155197,12061936,6.582545348,6.423788894,99.5,84.9,9,0.6329,0.29593,673838088,72,5.67E-05,0.008730221,6,6,4,6
PRJEB69497,Metazoa,HiFi+Hi-C,,,115851,113,104,8,1,163.4102317,61971.84071,461,511550.1625,323,829,206,5405796,4.792194396,2.663700925,89.1,0.3,22,0.3574,0.512701,691511167,31,0.009036451,0.043595448,67,71,77,105
PRJEB69499,Metazoa,HiFi+Hi-C,,,136279,59,34,23,2,85.81852484,141679.4068,1995,415952.9331,438.5,73130,214,2709470,5.15130673,3.2999429,91.8,0.1,24,0.2483,0.545038,687497252,29,0.004931217,0.042319098,45,41,43,57
PRJEB69509,Metazoa,HiFi+Hi-C,,,123064,17,12,4,1,31.63669703,431326,1933,1661288.452,599,47874,298,6873159,5.634805638,3.286231854,98.7,0.3,22,0.1927,0.60421,537350659,25,0.002405657,0.027520766,13,8,7,14
PRJEB70501,Metazoa,HiFi+Hi-C,,,65818,196,181,13,2,270.080296,59469.45918,907,676024.1876,459.75,1972.25,213,9407078,4.774293989,2.957607287,94.2,1,6,0.677,0.186511,725710105,147,0.006166348,0.122947629,87,36,28,194
PRJEB70638,Metazoa,HiFi+Hi-C,,,71514,127,121,5,1,213.3395245,20719.15748,447,141580.0069,327.5,974,201,1530683,4.316372091,2.650307523,97.2,1.5,31,0.4646,0.396683,595295224,20,0.004812637,0.080142647,70,58,59,123
PRJEB70640,Metazoa,HiFi+Hi-C,,,78196,617,494,118,5,581.0119381,38991.39222,858,264686.39,415,2202,202,5712586,4.590968742,2.933487288,89,0.4,11,0.7489,0.254535,1061940314,97,0.007353554,0.128413253,408,214,176,610
PRJEB70742,Metazoa,HiFi+Hi-C,,,89441,246,227,17,2,419.0768647,44070.38618,653,304823.4213,425,1144,205,4284519,4.644146856,2.814913181,89.1,2.1,9,0.639,0.410941,587004487,77,0.004841078,0.08954177,108,101,92,203
PRJEB70744,Metazoa,HiFi+Hi-C,,,52471,37,17,18,2,165.0727495,134757.2432,15715,291795.9835,1144,93313,335,1276226,5.129552118,4.196314385,95.2,0.4,17,0.4265,0.451534,224143598,13,0.01128914,0.108712844,32,28,28,36
PRJEB70844,Metazoa,HiFi+Hi-C,,,69796,90,71,9,10,262.7652658,509846.3667,546.5,1475373.258,352,3930.25,202,7781907,5.707439329,2.737590166,95.8,3.9,14,0.5489,0.363973,342511023,26,0.00734328,0.131265119,69,33,22,88
PRJEB70850,Metazoa,HiFi+Hi-C,,,72510,19,9,6,4,18.66005022,3352773.842,13324,7683810.442,2335.5,66751.5,398,22921688,6.52540426,4.124634624,70.7,0.3,10,0.0944,0.121458,1018218053,127,0.001476922,0.00596447,15,7,6,17
PRJEB70967,Fungi,HiFi+Hi-C,,,15017,35,32,1,2,293.6701604,568118.1714,2113,3005819.727,950.5,4465.5,245,17754662,5.754438681,3.324899497,85.6,1.7,12,0.6345,0.195007,119181329,13,0.002665043,0.099580752,26,6,3,31
PRJEB70985,Viridiplantae,HiFi+Hi-C,,,197404,28,25,3,0,44.21223463,37637.07143,681.5,133593.1497,332.75,1858,228,605918,4.575615823,2.83346586,99.1,90.9,24,0.3741,0.448809,633308862,26,0.002541558,0.043370145,18,13,12,23
PRJEB71024,Viridiplantae,HiFi+Hi-C,,,426212,1,0,1,0,0.676548674,121942,121942,,121942,121942,121942,121942,5.086153314,5.086153314,99.1,96.1,20,0.6175,0.488112,1478090251,74,2.09E-05,0.005460921,1,1,0,1
PRJEB71654,Metazoa,HiFi+Hi-C,,,47288,26,16,10,0,147.1925115,50539,2475,102134.6677,668.25,52477.25,287,423532,4.703626644,3.393575203,96.6,0.9,10,0.4079,0.535434,176639421,18,0.00456999,0.071996902,20,9,4,26
PRJEB73400,Fungi,HiFi+Hi-C,,,23826,12,6,6,0,302.1183481,32219,9270,53951.93672,750.75,32292,257,175051,4.508112057,3.967079734,96.1,0.5,15,0.2983,0.494814,39719534,3,0.003027385,0.143694659,9,8,4,9
PRJEB73426,Viridiplantae,HiFi+Hi-C,,,136350,1,0,1,0,2.675514987,27845,27845,,27845,27845,27845,27845,4.444747222,4.444747222,99.5,24,20,0.4843,0.446057,373759820,19,4.89E-05,0.007127871,1,1,0,1
PRJEB73430,Viridiplantae,HiFi+Hi-C,,,105900,38,26,11,1,117.7471556,452143.8947,1633.5,2410621.756,816.5,24700.25,246,14893719,5.655276671,3.213119139,98.2,13.4,9,0.4937,0.36007,322725418,36,0.001786538,0.052782367,32,16,10,34
PRJEB73432,Viridiplantae,HiFi+Hi-C,,,103921,18,11,5,2,51.99307976,213524.4444,4137,459459.9953,582.5,141930.25,205,1534441,5.329447601,3.616685521,99.1,15.9,9,0.5292,0.33544,346199919,37,0.000970281,0.056782056,15,11,6,16
PRJEB73434,Viridiplantae,HiFi+Hi-C,,,77188,18,12,4,2,65.27794227,273974.6111,971,726807.7374,362,24316.75,265,2597326,5.437710319,2.98721923,98.7,2.4,10,0.506,0.365349,275743986,25,0.002011181,0.06323072,14,6,4,18
PRJEB73668,Viridiplantae,HiFi+Hi-C,,,144896,38,27,11,0,86.13603266,33765.21053,1600,82558.22931,713.5,14651.25,260,373167,4.528469462,3.204119983,99.5,90,16,0.4329,0.418222,441162645,27,0.004571619,0.110799138,29,18,14,32
PRJEB73762,Viridiplantae,HiFi+Hi-C,,,330055,186,92,77,17,135.094351,548158.043,10881,2745957.625,756.25,169940.25,199,34673202,5.738905791,4.03666881,99.9,97.3,18,0.5922,0.495902,1376815527,76,0.008410885,0.246605586,148,157,198,161
PRJEB73893,Viridiplantae,HiFi+Hi-C,,,98491,9,6,2,1,41.29417694,366184.6667,2088,1004130.789,605,10097,213,3035625,5.563700155,3.319730494,98.7,4,7,0.3332,0.506971,217948405,33,0.000931074,0.02901941,7,5,4,8
PRJEB73901,Fungi,HiFi+Hi-C,,,34125,26,12,14,0,634.5175033,27867.38462,13043.5,52873.71305,794.5,23125.5,351,207088,4.445096212,4.115394143,99,1.2,12,0.0737,0.632798,40976017,3,0.010467333,0.06763823,23,16,23,21
PRJEB73925,Viridiplantae,HiFi+Hi-C,,,74650,2,1,1,0,6.581654074,38642.5,38642.5,53227.46295,19823.75,57461.25,1005,76280,4.587065216,4.587065216,96.7,1.5,20,0.6178,0.255667,303874980,16,7.24E-05,0.01396032,2,1,1,2
PRJEB73927,Viridiplantae,HiFi+Hi-C,,,131492,9,6,2,1,16.62623155,366442,4532,678962.7827,637,564612,351,2022823,5.564005245,3.656289901,97.6,6.9,7,0.6633,0.293944,541313284,75,0.000234215,0.014747583,8,3,2,9
PRJEB73941,Viridiplantae,HiFi+Hi-C,,,102646,26,17,9,0,55.7408969,33394.19231,2201.5,76881.59806,639.5,24568.75,302,360429,4.523670944,3.34271869,98.7,1.9,14,0.5804,0.393282,466443876,33,0.003557912,0.060033449,23,12,7,25
PRJEB73943,Viridiplantae,HiFi+Hi-C,,,115399,71,45,23,3,106.8057114,141894.4789,1242,398974.6688,630,91766,201,2673495,5.151965497,3.094121596,94,6.1,7,0.6761,0.25858,664758458,94,0.002607236,0.197228635,56,39,28,67
PRJEB73957,Viridiplantae,HiFi+Hi-C,,,75421,17,12,4,1,58.16319999,797041.7647,862,3012142.459,334,12833,288,12471382,5.901481079,2.935507266,86.4,3.3,6,0.5753,0.320224,292281030,45,0.002310602,0.14012885,14,6,4,16
PRJEB74150,Viridiplantae,HiFi+Hi-C,,,114803,76,57,17,2,149.8660262,118224.5132,1029,591880.1892,594.5,12918.25,222,4983909,5.072707534,3.012415375,99,5.8,8,0.5028,0.484559,507119605,65,0.00577234,0.19869458,62,53,52,70
PRJEB74170,Viridiplantae,HiFi+Hi-C,,,206927,21,9,12,0,24.66391001,70820.57143,13229,131861.2279,1588,78563,246,468759,4.850159427,4.121527016,99,69.6,47,0.5509,0.274161,851446506,17,0.000760786,0.013669042,20,12,8,21
PRJEB74262,Viridiplantae,HiFi+Hi-C,,,144274,83,53,27,3,103.0965137,140005.012,1546,383163.9549,805,56060,258,2674861,5.146143583,3.18920949,99.5,4.1,12,0.6053,0.309285,805070870,69,0.009528448,0.151997916,68,41,22,76
PRJEB74616,Viridiplantae,HiFi+Hi-C,,,132192,76,51,19,6,89.50260638,282216.3816,3208.5,911329.1837,577.5,29308,204,6040892,5.450582219,3.506302044,98.5,19.3,11,0.7184,0.207032,849137283,76,0.002119788,0.090801508,62,30,10,75
PRJEB74949,Viridiplantae,HiFi+Hi-C,,,114112,7,5,2,0,12.71130684,15940.42857,1041,25208.21551,669,22121,249,64713,4.202499994,3.01745073,98.9,6.3,13,0.6143,0.296449,550690821,43,0.000323107,0.010445545,6,3,4,7
PRJEB74991,Viridiplantae,HiFi+Hi-C,,,97458,14,6,8,0,37.99472019,67815.85714,10464,170671.9643,1198,13724.5,264,627769,4.831331255,4.019697731,99,6.7,7,0.5061,0.367651,368472249,48,0.001230383,0.026504113,14,9,8,14
PRJEB75045,Viridiplantae,HiFi+Hi-C,,,109024,3,0,1,2,6.210952762,2442923,1080019,3249124.496,588618.5,3615775.5,97218,6151532,6.387909778,6.033431396,98.8,6,7,0.6469,0.271165,483017681,70,0.000143722,0.011062105,3,3,0,3
PRJEB76342,Viridiplantae,HiFi+Hi-C,,,92776,2,0,2,0,5.7274384,46635.5,46635.5,11112.18307,42706.75,50564.25,38778,54493,4.668716637,4.668716637,98.5,5.6,7,0.5831,0.338408,349196248,52,0.00026086,0.007229507,2,0,0,2
PRJEB76344,Viridiplantae,HiFi+Hi-C,,,255213,249,128,87,34,208.6523551,717205.6667,6934,2584695.402,617,238694,199,26630266,5.855643712,3.840983837,99.9,96.2,25,0.6725,0.27787,1193372583,52,0.008584337,0.12565803,211,150,97,237
PRJEB76362,Viridiplantae,HiFi+Hi-C,,,147611,209,128,71,10,447.4549748,264377.5455,1788,1500174.615,639,52649,209,20316016,5.422224566,3.252367514,98.5,50.5,11,0.5009,0.351856,467086102,39,0.012792787,0.179887262,163,100,81,189
PRJEB76366,Viridiplantae,HiFi+Hi-C,,,328700,48,31,13,4,38.39310405,450690.5417,2761,1912632.603,752.5,38804.25,259,12835933,5.653878444,3.441066407,99.6,97.1,34,0.5834,0.337095,1250224518,37,0.006435124,0.169661024,38,21,22,46
PRJEB76511,Viridiplantae,HiFi+Hi-C,,,122512,35,27,5,3,47.36362673,672797.0286,999,2699040.29,429.5,5845.5,236,14797949,5.827884065,2.999565488,96.1,9.5,8,0.6751,0.261511,738963682,92,0.000780924,0.048192047,35,14,11,34
PRJEB76525,Viridiplantae,HiFi+Hi-C,,,102991,33,22,9,2,107.6952386,131245.3636,1510,354574.0666,513,104938,261,1760938,5.11808397,3.178976947,98.8,6.3,10,0.4727,0.445789,306420232,31,0.002253296,0.13879032,28,20,18,30
PRJEB76531,Viridiplantae,HiFi+Hi-C,,,389279,15,3,4,8,4.914627235,7449239.467,1289846,13382803.53,51282.5,6838052.5,2189,41799592,6.872111936,6.110537861,99.9,97.2,27,0.7491,0.214352,3052113473,120,0.00015376,0.013677353,15,13,3,15
PRJEB76840,Viridiplantae,HiFi+Hi-C,,,101569,38,25,12,1,82.64454847,207322,2354,1154806.243,555.75,15846.25,228,7128715,5.31664539,3.371806459,98.4,5.5,12,0.5289,0.367378,459800443,40,0.006366547,0.135741963,31,12,9,34
PRJEB77097,Metazoa,HiFi+Hi-C,,,120631,80,5,66,9,280.3663231,545474.9125,140063,1638277.879,69761,336761.5,206,13810117,5.736774781,5.146323424,69.2,48.2,27,0.4791,0.623634,285340975,18,0.000849181,0.038068387,77,78,68,80
PRJEB77556,Viridiplantae,HiFi+Hi-C,,,93125,54,36,11,7,191.5588167,250937.2222,1479.5,558141.5313,426.25,34481,247,2209361,5.399565086,3.170114969,98.9,4.6,12,0.4734,0.355181,281897753,23,0.005019779,0.155415207,46,24,11,50
PRJEB77760,Viridiplantae,HiFi+Hi-C,,,187733,45,34,9,2,70.38558828,180479.8667,1102,950349.7565,477,8706,269,6311870,5.256428761,3.042181595,99.1,95.6,38,0.4173,0.368606,639335425,17,0.004265356,0.080916163,32,14,6,40
PRJEB77762,Viridiplantae,HiFi+Hi-C,,,96638,42,24,16,2,138.4466818,165733.5238,3595.5,414387.5634,488.25,92757,209,2379273,5.219410364,3.555759293,98.1,14.1,19,0.3847,0.395131,303365884,15,0.013454117,0.097630434,31,30,19,32
PRJEB78299,Viridiplantae,HiFi+Hi-C,,,237666,5,5,0,0,4.252117861,1691.8,531,1860.40028,465,2287,463,4713,3.228349021,2.725094521,99.9,97.7,30,0.6582,0.277801,1175884621,39,5.40E-05,0.006898174,4,1,1,5
PRJEB78930,Viridiplantae,HiFi+Hi-C,,,192235,11,6,5,0,10.43465811,165904.4545,5675,265605.4781,370.5,238095.5,216,790662,5.219858047,3.753965866,99.5,71.2,14,0.6844,0.245995,1054179244,74,0.000340684,0.019618584,6,5,0,9
PRJEB79446,Viridiplantae,HiFi+Hi-C,,,109975,71,31,27,13,96.23480577,769596.5634,25983,2008768.328,1132,110426,215,11725204,5.88626312,4.414689293,98.7,6.4,9,0.7542,0.134495,737778805,83,0.001513562,0.056859868,58,38,9,69
PRJEB79590,Viridiplantae,HiFi+Hi-C,,,118601,99,76,22,1,191.9149388,53404.66667,968,207789.7723,501.5,5496,207,1845092,4.727579209,2.985875357,98.1,5.2,10,0.6432,0.367004,515853537,49,0.007479131,0.225420557,72,55,51,93
PRJEB79596,Viridiplantae,HiFi+Hi-C,,,67870,41,3,29,9,119.4190445,929714.878,149586,1913374.616,40237,560793,406,8150646,5.968349781,5.174890949,64.8,3.3,6,0.6947,0.194419,343328823,56,0.020088726,0.065485574,39,38,24,39
PRJEB79867,Viridiplantae,HiFi+Hi-C,,,201560,86,57,24,5,58.29668101,278143.9651,1501.5,1488673.6,489.25,60332.25,238,13427755,5.444269642,3.176525337,97.7,9.9,7,0.7355,0.200437,1475212628,259,0.000121719,0.013528395,69,40,22,82
PRJEB79871,Viridiplantae,HiFi+Hi-C,,,168376,2,0,1,1,1.958527779,1399153,1399153,1879272.036,734730,2063576,70307,2727999,6.145865208,6.145865208,98.9,6.9,7,0.7054,0.227821,1021175202,153,3.32E-06,0.011224128,2,1,0,0
PRJEB79873,Viridiplantae,HiFi+Hi-C,,,84304,1,0,0,1,3.23715766,1747265,1747265,,1747265,1747265,1747265,1747265,6.242358778,6.242358778,93.8,3.9,6,0.6212,0.339583,308912974,54,0.000287453,0.017979055,1,1,0,1
PRJEB79875,Viridiplantae,HiFi+Hi-C,,,86857,14,11,1,2,29.51584433,399664.1429,688.5,999089.3282,403.5,746.25,203,3037832,5.601695186,2.837903945,96.5,9.2,13,0.671,0.2004,474321515,36,0.001258186,0.034183443,7,6,4,14
PRJEB79887,Viridiplantae,HiFi+Hi-C,,,300234,4,0,2,2,3.205317799,1296728.25,1260348,1441905.68,50623.5,2506452.75,46206,2620011,6.112848972,6.100490477,99.6,98.2,31,0.5306,0.37234,1247926181,40,1.75E-05,0.005691379,3,2,0,4
PRJEB80049,Viridiplantae,HiFi+Hi-C,,,192891,80,51,18,11,76.88830899,811031.1375,2575.5,2769138.865,521.75,155806.25,222,21474674,5.909037528,3.410861554,99,93.6,28,0.5556,0.392706,1040470275,39,0.004994082,0.137454152,68,47,37,0
PRJEB80111,Viridiplantae,HiFi+Hi-C,,,162592,85,47,35,3,157.723113,147849.7294,5318,384330.835,735,75314,231,2163183,5.169820534,3.725748333,98.5,76.3,16,0.5918,0.297226,538919112,33,0.004176177,0.140111494,67,44,17,77
PRJEB80203,Viridiplantae,HiFi+Hi-C,,,129436,46,23,23,0,50.72791559,102145.1087,9056.5,220690.3834,1241.5,46536.75,243,969141,5.009217575,3.956960391,98.3,12.2,11,0.659,0.248239,906798544,83,0.006217721,0.172758055,39,21,14,43
PRJEB80446,Viridiplantae,HiFi+Hi-C,,,147953,2,2,0,0,2.573141582,1081.5,1081.5,613.0615793,864.75,1298.25,648,1515,3.034026524,3.034026524,98.1,93.3,14,0.5666,0.243613,777259990,55,4.28E-05,0.006978193,1,0,0,2
PRJEB80506,Viridiplantae,HiFi+Hi-C,,,84525,1,0,1,0,2.818719244,78460,78460,,78460,78460,78460,78460,4.894648304,4.894648304,96.5,7.2,21,0.5909,0.465407,354771055,19,2.92E-05,0.004128035,1,0,0,1
PRJEB80992,Viridiplantae,HiFi+Hi-C,,,123481,220,119,87,14,237.0140909,264702.2364,5947.5,888181.2064,796.75,79560.25,214,9019816,5.42275761,3.774334451,99,5.1,16,0.7498,0.166468,928214855,59,0.004029232,0.197016344,184,93,40,218
PRJEB81000,Viridiplantae,HiFi+Hi-C,,,169316,44,26,15,3,24.79757328,403633.7273,3469.5,1415713.523,1369.75,82606.5,211,8090934,5.605987448,3.540266892,98.8,71.3,20,0.7808,0.114381,1774367173,95,0.000905779,0.029534475,34,14,1,44
PRJEB81002,Viridiplantae,HiFi+Hi-C,,,133680,5,1,4,0,3.41010163,70553,65223,50463.15301,53624,98504,351,135063,4.848515485,4.814400771,97.6,3.9,5,0.7694,0.092616,1466231961,271,0,0,5,1,0,5
PRJEB81008,Viridiplantae,HiFi+Hi-C,,,89188,6,1,3,2,16.29588924,1639310,571464.5,2740031.199,97293,1378105.75,4816,7101893,6.214661088,5.756989257,91.5,4.6,7,0.5602,0.336334,368191015,55,0.000224754,0.007201574,5,3,0,0
PRJEB81010,Viridiplantae,HiFi+Hi-C,,,245330,95,54,34,7,41.24210852,641443.5579,3613,2617636.013,644.5,105417,268,20228117,5.807158448,3.557867962,99,11.2,10,0.8002,0.177169,2303470977,232,0.000147234,0.016652916,84,48,26,91
PRJEB81012,Viridiplantae,HiFi+Hi-C,,,158243,79,53,24,2,105.9933433,108037.9873,1542,426292.9925,643,27045,235,3099184,5.033576485,3.188084374,98.8,30.3,23,0.5755,0.313664,745329825,33,0.008903277,0.112960922,60,37,23,75
PRJEB81016,Viridiplantae,HiFi+Hi-C,,,76958,2,1,0,1,5.510068699,9376514,9376514,13258356.8,4688977,14064051,1440,18751588,6.972041406,6.972041406,68.5,3.4,11,0.6367,0.288376,362971881,62,0.002073647,0.009179423,1,2,1,2
PRJEB81018,Viridiplantae,HiFi+Hi-C,,,114802,125,77,42,6,164.4181792,149584.904,4238,461309.6802,808,59777,199,3230807,5.174887767,3.627160952,98.3,6,16,0.7145,0.241057,760256564,45,0.01052863,0.233395842,95,49,25,123
PRJEB81022,Viridiplantae,HiFi+Hi-C,,,124620,10,8,1,1,17.32851608,116554.5,1614,356827.7931,612.75,3659.25,303,1131938,5.066529046,3.20790353,97.9,32.2,12,0.6508,0.295548,577083459,52,0.000473546,0.032569915,8,5,4,10
PRJEB81026,Viridiplantae,HiFi+Hi-C,,,264222,199,98,82,19,94.76563365,694397.6281,11318,4279407.213,1244.5,105290,227,56642864,5.841608229,4.05376969,95.3,27.6,9,0.7986,0.220565,2099917368,263,0.000232557,0.082869429,180,130,101,192
PRJEB81030,Viridiplantae,HiFi+Hi-C,,,152224,107,56,41,10,108.0690848,416300.9626,6408,1676719.498,885.5,100500.5,212,13802840,5.619407415,3.806722503,99.3,5,17,0.7586,0.216873,990107395,60,0.004092662,0.167255852,91,49,37,103
PRJEB81034,Viridiplantae,HiFi+Hi-C,,,105590,53,36,17,0,161.3899748,31752.79245,1014,86044.40483,516,15375,250,495931,4.501781925,3.006037955,99,27.6,15,0.4512,0.426507,328397102,22,0.002811763,0.082273588,40,20,16,49
PRJEB81044,Viridiplantae,HiFi+Hi-C,,,106477,47,39,8,0,94.55271033,9287.893617,912,28377.5205,367.5,2376.5,200,174085,3.967917232,2.959994838,98.4,1.2,14,0.6008,0.378063,497077237,34,0.005767026,0.138117648,36,19,17,45
PRJEB81046,Viridiplantae,HiFi+Hi-C,,,129297,58,38,19,1,84.88554368,49399.53448,1227,177285.4849,615,21284,220,1301833,4.693722856,3.088844563,99.1,3.5,12,0.5757,0.34216,683272999,57,0.006675497,0.077746981,51,25,21,52
PRJEB81048,Viridiplantae,HiFi+Hi-C,,,86537,40,31,8,1,114.9220006,66922.15,903.5,304455.7489,530.25,2194.25,303,1909815,4.825569885,2.955928157,98.7,2.8,11,0.5041,0.440917,348062162,32,0.007174702,0.083056204,28,21,17,36
PRJEB81050,Viridiplantae,HiFi+Hi-C,,,78432,23,17,6,0,62.5013037,39214.65217,940,114267.7641,557,8230.5,252,458920,4.593448367,2.973127854,99.1,2.4,11,0.5269,0.322652,367992324,34,0.008259651,0.067437579,17,9,8,20
PRJEB81052,Viridiplantae,HiFi+Hi-C,,,151417,95,58,32,5,113.0182612,338385.3895,4006,1637336.638,967.5,82901.5,199,15285818,5.529411603,3.602710945,99.3,5.6,12,0.6081,0.316378,840572125,72,0.009917964,0.145286086,82,62,45,93
PRJEB81054,Viridiplantae,HiFi+Hi-C,,,162866,140,72,61,7,153.6199411,172596.0786,5895,468979.338,769.5,80598.75,248,3325529,5.237030924,3.770483809,95.4,40,13,0.6047,0.293498,911340019,68,0.006493934,0.090372318,105,68,34,133
PRJEB81056,Viridiplantae,HiFi+Hi-C,,,69204,38,10,23,5,167.1725543,1128519.132,38999.5,3287209.902,9748.25,180349.75,666,17261085,6.052508926,4.591059039,67.9,12.2,8,0.4763,0.392264,227310040,31,0.013743533,0.025261149,35,35,32,34
PRJEB81058,Viridiplantae,HiFi+Hi-C,,,150301,107,66,34,7,124.3212828,275692.3178,3590,1077325.876,1007.5,134884,215,10385244,5.440424665,3.555094449,97.8,5.6,8,0.6984,0.294011,860673230,112,0.004096692,0.168092848,89,54,38,105
PRJEB81066,Viridiplantae,HiFi+Hi-C,,,93614,71,61,9,1,186.1836325,30409.05634,655,152705.866,391,3465.5,200,1203852,4.483002943,2.8162413,98.7,4.6,39,0.4859,0.359234,381343940,9,0.006865233,0.115532618,58,27,22,61
PRJEB81068,Viridiplantae,HiFi+Hi-C,,,103256,144,134,10,0,282.0372944,8256,461,36891.49025,356.25,949.5,204,301222,3.916769684,2.663700925,98.8,5.1,33,0.5949,0.304697,510570775,15,0.007772139,0.283667612,121,48,49,134
PRJEB81074,Viridiplantae,HiFi+Hi-C,,,94992,82,74,8,0,203.9998484,7051.817073,570,34496.35171,370,1144.75,227,302481,3.848301038,2.755874856,98.3,4.1,36,0.5121,0.329232,401961083,11,0.008840312,0.129361329,63,26,20,75
PRJEB81078,Viridiplantae,HiFi+Hi-C,,,141923,200,119,76,5,179.7906332,303309.245,3191,2692786.509,764.5,68939,209,37867492,5.481885648,3.503926804,98.7,1.5,5,0.7215,0.158202,1112405004,222,8.74E-05,0.002961743,161,88,46,188
PRJEB81090,Viridiplantae,HiFi+Hi-C,,,103679,58,47,9,2,84.91459946,242848.9655,1034.5,1439208.208,487.25,5603,231,10732963,5.385336258,3.014730495,96.7,1.9,21,0.7289,0.22073,683039199,32,0.003704767,0.108582882,40,19,15,56
PRJEB81096,Viridiplantae,HiFi+Hi-C,,,105459,68,42,24,2,138.2784997,117189.4559,2579.5,335623.8594,705.75,31171.75,202,2136268,5.068888538,3.411535532,98.8,3,15,0.6828,0.393469,491761193,34,0.001882049,0.039526909,53,44,40,65
PRJEB81100,Viridiplantae,HiFi+Hi-C,,,77753,19,19,0,0,61.74958974,1498.157895,709,1988.72207,417,1420,230,7645,3.175557587,2.850646235,97,3,50,0.4896,0.38712,307694352,6,0.001295087,0.062768613,16,7,8,16
PRJEB81104,Viridiplantae,HiFi+Hi-C,,,136399,21,15,5,1,32.09955504,226697.1905,2201,893255.4765,530,11323,204,4089788,5.355446138,3.342620043,99.5,46.1,23,0.5945,0.287963,654214676,28,0.00749491,0.133900352,19,9,7,20
PRJEB81629,Viridiplantae,HiFi+Hi-C,,,249918,1,0,1,0,0.486695196,262999,262999,,262999,262999,262999,262999,5.419954097,5.419954097,98.5,5.8,7,0.8345,0.11652,2054674073,276,6.34E-07,0.003099884,1,1,1,1
PRJEB81635,Viridiplantae,HiFi+Hi-C,,,87856,1,0,1,0,3.810900975,253536,253536,,253536,253536,253536,253536,5.404039634,5.404039634,98.4,17.3,23,0.5704,0.448924,262405139,13,3.86E-05,0.011352295,1,0,0,1
PRJEB81847,Viridiplantae,HiFi+Hi-C,,,229733,1,0,1,0,1.335351689,205236,205236,,205236,205236,205236,205236,5.312253542,5.312253542,99.6,27.4,10,0.6478,0.531941,748866391,74,6.53E-06,0.005024996,1,1,0,1
PRJEB81849,Viridiplantae,HiFi+Hi-C,,,877219,92,49,34,9,55.94208098,923809.4239,4334,3137679.347,1035,122318.75,255,17973866,5.965582388,3.636888907,98.1,3.8,14,0.7859,0.664254,1644558057,116,0.01255583,0.190456832,79,84,106,90
PRJEB82178,Viridiplantae,HiFi+Hi-C,,,162430,109,57,37,15,70.71327459,684198.8532,4320,2018994.631,700,127957,237,12249165,5.835182342,3.635483747,98.9,41.4,30,0.8257,0.117946,1541436182,51,0.006808178,0.111439991,86,50,17,107
PRJEB82544,Viridiplantae,HiFi+Hi-C,,,179959,125,64,51,10,88.45993648,389698.792,7719,1507976.616,939,181560,232,14981332,5.59072906,3.887561041,97.6,23.2,9,0.7969,0.155838,1413069068,165,0.006027209,0.124582358,100,67,24,120
PRJNA1005622,Metazoa,HiFi+Hi-C,,,155569,22,11,5,6,21.36436382,1394483.182,16866,3325463.14,1133.5,846616.75,591,14146416,6.144413281,4.227012096,93.5,0.4,41,0.1445,0.209167,1029752170,75,0.00785114,0.023793288,19,12,7,20
PRJNA1005958,Metazoa,HiFi+Hi-C,,,227709,52,39,13,0,23.98932934,14911.44231,1089,31911.09753,489.5,9048.75,244,153067,4.173519653,3.03702788,97.9,7,31,0.2919,0.121387,2167630419,72,0.001330948,0.006803349,39,12,12,43
PRJNA1008626,Metazoa,HiFi+Hi-C,,,169712,42,22,14,6,16.19731316,1145917.762,7180,3397502.015,862.5,125356.5,248,16012276,6.059153451,3.856124444,95.4,6.4,25,0.3991,0.088759,2593022656,128,0.001097443,0.004856336,36,22,15,39
PRJNA1014187,Metazoa,HiFi+Hi-C,,,71891,398,381,17,0,436.6947061,6406.831658,562,58681.37297,361.25,1220.5,202,950871,3.806643313,2.749736316,95.2,1.5,30,0.6406,0.240722,911391859,35,0.006228926,0.156858073,240,55,50,394
PRJNA1015594,Metazoa,HiFi+Hi-C,,,63088,58,51,7,0,97.8486097,8266.965517,617,24301.16587,357.5,1983,227,142094,3.917346126,2.790285164,92.3,0.6,29,0.5778,0.207541,592752418,32,0.001856307,0.028186963,30,14,11,56
PRJNA1018501,Viridiplantae,HiFi+Hi-C,,,87774,70,31,37,2,125.0483571,161479.9286,22633.5,387003.1872,809.25,98214.5,199,2610370,5.208118549,4.354751718,71,3.4,11,0.6504,0.322454,559783444,50,0.003910766,0.142261982,65,43,35,69
PRJNA1020456,Viridiplantae,HiFi+Hi-C,,,125435,11,10,1,0,18.34146716,11418,2425,26855.3464,1000.5,6689.5,440,91972,4.057590039,3.384711743,99,39.2,28,0.5084,0.328078,599733920,22,0.001785414,0.031434641,7,3,3,11
PRJNA1023715,Metazoa,HiFi+Hi-C,,,68660,459,347,106,6,138.0239984,62710.86057,884,211293.4232,439.5,7987,200,2101049,4.797342761,2.946452265,90.6,1.5,48,0.5886,0.054934,3325508645,89,0.004506728,0.055149263,245,89,59,438
PRJNA1033357,Viridiplantae,HiFi+Hi-C,,,114411,98,36,57,5,222.6676175,271702.2041,23853,894070.1704,874.75,106848.5,246,7270931,5.434093161,4.377543008,89.2,33.1,15,0.5682,0.345325,440117881,34,0.021032351,0.19015443,80,68,39,90
PRJNA1035760,Viridiplantae,HiFi+Hi-C,,,159022,48,31,16,1,127.6329165,72739.77083,1332,182722.7193,596.75,30635,259,1033562,4.861771928,3.124504225,99.3,1.2,12,0.528,0.579839,376078533,31,0.007581926,0.099678682,41,36,43,45
PRJNA1035944,Metazoa,HiFi+Hi-C,,,120931,31,19,9,3,49.96267973,199369.129,2310,574306.0999,480,59130,231,2840973,5.299657912,3.36361198,83.3,0.1,24,0.2327,0.551726,620463117,26,0.007120846,0.041918402,27,22,22,29
PRJNA1035946,Viridiplantae,HiFi+Hi-C,,,187490,28,8,11,9,60.3169466,1281110.214,73933,3545746.786,4808.75,1115729.75,337,18107903,6.107586494,4.868838329,82.6,36.6,15,0.5524,0.584965,464214480,34,0.002139671,0.037367161,26,24,26,28
PRJNA1043226,Metazoa,HiFi+Hi-C,,,35170,4,1,3,0,29.26268702,46660.25,26425.5,59674.33132,11389.25,61696.5,626,133164,4.668947061,4.422023213,96.7,1,41,0.1916,0.446342,136692847,6,0.000995126,0.007699148,2,2,1,3
PRJNA1045882,Metazoa,HiFi+Hi-C,,,198422,113,103,10,0,131.5977604,6832.238938,524,28520.65212,366,1441,218,235107,3.834563046,2.719331287,98.5,1.2,25,0.4533,0.600682,858677227,33,0.00439626,0.068888678,71,60,58,108
PRJNA1060222,Metazoa,HiFi+Hi-C,,,62079,76,73,3,0,167.3656989,4457.263158,494,22865.36065,339.25,988.25,211,191887,3.649068276,2.693726949,92.4,0.6,28,0.4948,0.376035,454095436,17,0.009323027,0.084733743,40,30,27,69
PRJNA1068682,Metazoa,HiFi+Hi-C,,,178993,57,51,6,0,59.79085812,5613.842105,561,16119.62395,360,1129,215,95301,3.749260194,2.748962861,94.9,0.6,23,0.5213,0.568558,953322996,39,0.002500939,0.044838725,33,30,33,57
PRJNA1068823,Metazoa,HiFi+Hi-C,,,112546,13,4,7,2,21.37554869,438483.1538,27010,935703.7858,1867,287523,350,3227656,5.641952913,4.431524584,92.9,0.7,39,0.2868,0.550583,608171523,23,0.003020319,0.03731967,12,10,11,12
PRJNA1068955,Viridiplantae,HiFi+Hi-C,,,97781,105,61,40,4,152.2637032,152040.3333,3843,404932.5782,539,114374,290,2522482,5.181958813,3.584670384,99.3,4.1,12,0.5386,0.351258,689593106,60,0.02112657,0.144812406,77,56,37,95
PRJNA1073018,Viridiplantae,HiFi+Hi-C,,,130838,82,62,18,2,163.1230086,97291.03659,1659,398083.6262,627.75,8398,207,2696459,4.988072831,3.219846386,99.4,54,17,0.5418,0.332839,502688129,30,0.012481001,0.159119601,63,28,20,79
PRJNA1076903,Metazoa,HiFi+Hi-C,,,89727,34,17,8,9,32.16083654,741318.7941,21398,1269695.411,936.75,1054269,244,5181000,5.870005011,4.330373183,95.7,0.7,48,0.1335,0.239355,1057186431,64,0.002008013,0.014766179,27,23,29,0
PRJNA1077738,Viridiplantae,HiFi+Hi-C,,,267253,5,2,1,2,1.964065779,10035512.8,114999,16191379.71,7471,12781301,6841,37266952,7.001539569,5.060694064,99.3,6.9,9,0.8264,0.108886,2545739585,321,1.23E-06,0.009246125,5,4,4,5
PRJNA1080039,Metazoa,HiFi+Hi-C,,,134176,98,87,9,2,89.24476439,56475.31633,746,270173.2256,372,2018.5,201,2271854,4.751858672,2.872738827,97.9,0,16,0.379,0.31542,1098103633,67,0.004944433,0.102268565,49,35,32,86
PRJNA1089778,Metazoa,HiFi+Hi-C,,,61352,33,25,8,0,89.47655669,12144.06061,864,26617.69944,426,2358,221,109864,4.084363926,2.936513742,89,0.7,6,0.3822,0.342157,368811689,69,0.004679143,0.02920827,25,8,6,31
PRJNA1100240,Metazoa,HiFi+Hi-C,,,133155,13,13,0,0,19.61817416,2015.153846,1280,2317.229986,941,2757,300,9124,3.304308208,3.10720997,99.3,0,24,0.2228,0.573017,662650861,29,0.005226751,0.02419158,11,4,5,13
PRJNA1100241,Metazoa,HiFi+Hi-C,,,5598,40,32,7,1,65.50513872,372833.7,1049,2300613.187,430.5,4429.5,222,14558742,5.571515161,3.020775488,97.9,0.3,24,0.2034,0.020121,610639116,25,0.006169959,0.036229846,22,4,4,38
PRJNA1102396,Metazoa,HiFi+Hi-C,,,249768,160,62,95,3,72.09545162,181955.8938,41084.5,1051386.411,1063.5,120751.5,213,13118161,5.259966127,4.613678006,92,6.8,27,0.3742,0.183081,2219280085,108,0.002221414,0.050327993,137,95,96,147
PRJNA1102403,Metazoa,HiFi+Hi-C,,,138598,3,1,0,2,0.775387984,9210183.333,6385722,10900186.43,3192974,13815162,226,21244602,6.964268275,6.805210008,99.1,81.7,31,0.3145,0.075577,3869030808,231,0,0,3,2,0,3
PRJNA1107547,Metazoa,HiFi+Hi-C,,,283744,70,57,12,1,62.72972999,87720.84286,681,466858.8976,394.75,1887.5,203,3810987,4.943102796,2.833147112,99.3,0.3,24,0.3878,0.668244,1115898315,47,0.007794848,0.067471456,51,52,62,66
PRJNA1115809,Metazoa,HiFi+Hi-C,,,57686,90,89,1,0,261.027374,957.2666667,661,1437.377073,408,1055.25,202,12865,2.981032936,2.820201459,95.4,0.9,30,0.3441,0.383218,344791424,12,0.009934806,0.069733147,62,20,21,78
PRJNA1122378,Metazoa,HiFi+Hi-C,,,122133,129,106,23,0,190.7910556,30474.02326,866,123687.2969,513,2457,246,950517,4.483929795,2.937517892,98.1,0.3,21,0.4424,0.547713,676132325,31,0.0098434,0.115020327,98,77,80,119
PRJNA1128407,Metazoa,HiFi+Hi-C,,,256120,72,20,31,21,122.1499356,1096428.944,191202.5,2389155.5,2318.25,1095158,218,17036013,6.039980492,5.281493566,82.6,22.5,31,0.3089,0.738289,589439525,24,0.003803925,0.04367598,68,66,95,71
PRJNA1145143,Metazoa,HiFi+Hi-C,,,146400,51,39,10,2,78.05624068,195505.3137,999,931056.8139,473,4882.5,206,6520929,5.291158566,2.999565488,94.2,0.4,24,0.2993,0.631964,653375048,29,0.00276443,0.053882686,35,27,27,45
PRJNA1155857,Metazoa,HiFi+Hi-C,,,65619,99,81,17,1,189.4755162,60861.29293,638,538504.7237,353.5,1394.5,202,5362621,4.784341174,2.804820679,90.6,0.6,29,0.5512,0.389736,522494948,20,0.01528928,0.097503948,59,47,50,94
PRJNA1158712,Viridiplantae,HiFi+Hi-C,,,79929,31,18,12,1,113.8924425,234495.5806,9002,621479.4279,1047.5,51213.5,279,3231956,5.370134662,3.954339009,89.4,4.4,14,0.4875,0.390433,272186629,19,0.006975383,0.115042705,29,20,13,30
PRJNA516750,Metazoa,HiFi+Hi-C,,,109089,21,19,2,0,35.72354322,49508.28571,594,172835.3131,441,1546,214,763064,4.694677889,2.773786445,98.4,0.9,24,0.1775,0.53068,587847624,25,0.003299156,0.028024525,13,14,17,16
PRJNA693184,Metazoa,HiFi+Hi-C,,,212591,29,12,15,2,30.98639516,120354.7931,25222,345380.2576,2300,61781,374,1502844,5.080463391,4.401779521,92.9,0.3,28,0.1144,0.397305,935894603,91,0.004211188,0.009963892,26,25,43,28
PRJNA720709,Viridiplantae,HiFi+Hi-C,,,89251,99,78,19,2,213.9932823,65755.06061,987,239354.3991,445.5,5962.5,202,1839474,4.817929182,2.994317153,97.9,2.8,16,0.5572,0.333676,462631345,30,0.011056029,0.166533274,71,40,31,92
PRJNA735624,Metazoa,HiFi+Hi-C,,,197820,25,17,7,1,24.4302488,121244.72,1497,458483.1818,971,18238,269,2247358,5.083662835,3.1752218,94,1.3,42,0.1305,0.289752,1023321547,73,0.009202771,0.021662674,19,19,25,21
PRJNA754186,Viridiplantae,HiFi+Hi-C,,,99548,101,77,20,4,274.3018148,80005.9703,885,280656.3865,469,6020,221,1539557,4.903122397,2.946943271,98.7,7.8,8,0.4972,0.389987,368207553,51,0.007424661,0.222829414,89,42,32,92
PRJNA754534,Viridiplantae,HiFi+Hi-C,,,121769,71,31,25,15,94.8952019,764919.5915,29723,1736354.522,1348,361475.5,248,7523953,5.883615784,4.473092641,98.5,7.8,12,0.6565,0.231089,748193782,62,0.005136713,0.05900921,65,43,17,68
PRJNA758704,Metazoa,HiFi+Hi-C,,,#N/A,101,89,11,1,33.58157697,137035.099,735,1274633.4,389,1560,202,12815987,5.136831818,2.866287339,98.5,3.6,6,0.4488,#N/A,3007601462,622,0,0,72,0,0,88
PRJNA764011,Viridiplantae,HiFi+Hi-C,,,185883,4,3,0,1,2.355195303,525581.25,7261,1041140.039,4031.75,528810.5,521,2087282,5.720639863,3.860996437,98.8,8.6,17,0.7941,0.151633,1698372952,103,0.000119006,0.007137637,4,1,2,4
PRJNA767393,Metazoa,HiFi+Hi-C,,,33909,20,15,5,0,153.8236968,28127,1944.5,51640.55587,1407,14872.5,293,169588,4.449123413,3.288807947,94,1.6,10,0.3193,0.387913,130018979,13,0.001796496,0.018276516,16,11,11,19
PRJNA767403,Metazoa,HiFi+Hi-C,,,53601,15,8,6,1,68.78831853,91544.4,8303,284484.916,866.5,33326.5,326,1116775,4.961631783,3.919235038,97.2,1.8,41,0.3348,0.333485,218060280,16,0.002387998,0.023149926,12,5,3,15
PRJNA767408,Metazoa,HiFi+Hi-C,,,306643,132,70,56,6,245.3667754,208147.2727,2247.5,486204.7475,545,211491.75,262,4208786,5.318370725,3.3516997,76.2,2.2,22,0.5591,0.582806,537970146,27,0.003486733,0.0363535,98,106,109,120
PRJNA767423,Metazoa,HiFi+Hi-C,,,72807,3,0,2,1,11.35856236,4740947,297269,7886830.431,187921,7072134,78573,13846999,6.6758651,5.473149622,98.4,0.7,7,0.2698,0.474382,264117932,41,7.92E-06,0.002511991,3,3,1,3
PRJNA767424,Metazoa,HiFi+Hi-C,,,42669,32,17,15,0,172.4932803,37405.53125,7355,79788.25388,1298,16597.25,480,350063,4.572935827,3.866582677,93.8,0.9,49,0.4328,0.374512,185514473,13,0.004648003,0.031266608,24,5,5,27
PRJNA767483,Metazoa,HiFi+Hi-C,,,43264,27,22,2,3,75.24157897,183560.2963,1122,479089.8285,559,2035.5,222,1631589,5.26377875,3.049992857,90.6,0,12,0.4353,0.329389,358844144,37,0.002115657,0.026612627,19,9,6,26
PRJNA782555,Metazoa,HiFi+Hi-C,,,55071,5,4,0,1,17.27802272,572432,702,1278170.105,506,1701,359,2858892,5.757723904,2.846337112,97.2,0.9,31,0.2661,0.447373,289384965,10,0.001578395,0.017874961,4,2,1,5
PRJNA784628,Metazoa,HiFi+Hi-C,,,68916,1,0,1,0,4.010203723,919869,919869,,919869,919869,919869,919869,5.963725983,5.963725983,95.4,0.7,7,0.2571,0.472482,249363890,41,0.000132502,0.002928429,1,1,0,1
PRJNA788877,Metazoa,HiFi+Hi-C,,,41762,26,23,1,2,73.49392289,497526.3462,981,2236408.409,632.75,1504.75,200,11362632,5.696816083,2.991669007,90.2,0,12,0.4438,0.285569,353770747,31,0.002572618,0.046324479,14,5,3,25
PRJNA788879,Metazoa,HiFi+Hi-C,,,41610,19,11,6,2,50.60468618,361742.5263,1909,831047.7899,1133,388043.5,578,3439573,5.558399567,3.280805928,90.5,0,11,0.4646,0.272526,375459299,40,0.001084031,0.014729467,15,11,3,18
PRJNA788886,Metazoa,HiFi+Hi-C,,,42939,13,9,3,1,35.12830989,807333.1538,2197,2786805.913,1072,11028,243,10078731,5.907052788,3.341830057,90.6,0.1,12,0.459,0.315816,370071889,34,0.001544707,0.020634087,10,6,5,13
PRJNA788978,Fungi,HiFi+Hi-C,,,30469,1,1,0,0,31.10301396,976,976,,976,976,976,976,2.989449818,2.989449818,68.6,45.3,3,0.1585,0.637237,32151225,9,0.000253594,0.017819047,0,0,0,1
PRJNA794870,Metazoa,HiFi+Hi-C,,,143817,59,49,8,2,54.31596444,86066.33898,829,348246.2705,348,2765,209,2213186,4.93483333,2.918554531,99.1,0.4,24,0.4526,0.493288,1086236811,45,0.002256291,0.043947247,36,24,25,55
PRJNA798105,Viridiplantae,HiFi+Hi-C,,,207635,194,129,57,8,165.260656,127335.0103,1429,457100.306,562.5,43950.25,199,3713099,5.104947828,3.155032229,99.3,7.2,9,0.7048,0.253235,1173903122,134,0.009741133,0.330489383,158,104,97,186
PRJNA803324,Metazoa,HiFi+Hi-C,,,61556,134,131,2,1,196.0459048,14931.32836,1112,154650.1936,620.75,1304.75,200,1791485,4.174098446,3.046104787,92.7,0.9,5,0.5613,0.181474,683513385,131,0.007951852,0.061431903,96,23,23,124
PRJNA807464,Metazoa,HiFi+Hi-C,,,101451,176,145,27,4,282.1656898,74097.23295,809.5,306188.1429,399.75,2596,199,2582627,4.86980199,2.908216853,89.6,2.1,20,0.5706,0.370307,623746991,37,0.00570024,0.083395069,114,77,72,155
PRJNA811174,Metazoa,HiFi+Hi-C,,,33486,19,11,8,0,224.9623851,20596.89474,3244,29867.68693,1636,25911,308,104012,4.313801749,3.511080846,96,0.3,6,0.1915,0.538491,84458564,14,0.004098685,0.073964538,15,11,7,19
PRJNA811226,Metazoa,HiFi+Hi-C,,,42503,142,125,14,3,366.8430159,100715.8239,597.5,634599.4901,448,966,222,6174718,5.00309771,2.77633791,85,1.6,20,0.6466,0.616096,387086557,25,0.010436719,0.199925514,83,59,58,136
PRJNA811230,Metazoa,HiFi+Hi-C,,,17247,127,91,31,5,268.6156272,123554.315,1112,414982.6903,558,29106,233,3633373,5.091857917,3.046104787,74.1,0.3,22,0.7138,0.279779,472794533,20,0.007503239,0.086871456,91,49,36,122
PRJNA813156,Metazoa,HiFi+Hi-C,,,254913,567,514,46,7,266.0985338,100589.4233,825,1430991.462,394.5,1687,200,33102404,5.002552318,2.916453949,96,1.5,13,0.7564,0.189922,2130789644,186,0.000569754,0.02965977,405,128,93,550
PRJNA822827,Metazoa,HiFi+Hi-C,,,7873,40,26,12,2,41.41441192,132909.575,3514.5,412253.7095,1259,43728.25,214,2345813,5.123556269,3.545863548,91.8,0.7,38,0.0924,0.015399,965847350,72,0.003378916,0.011233939,34,5,3,33
PRJNA825637,Metazoa,HiFi+Hi-C,,,52211,17,13,3,1,110.0147694,72445.17647,1033,277134.5054,712,6182,405,1147397,4.860009475,3.014100322,68.5,0.4,10,0.2172,0.532153,154524707,18,0.003446218,0.060908967,14,10,7,12
PRJNA827935,Metazoa,HiFi+Hi-C,,,51667,56,50,6,0,186.8097754,12936.51786,403.5,53800.42288,288.25,628.25,220,335781,4.111817392,2.605843539,96,1.6,30,0.3243,0.400598,299770180,10,0.008538921,0.057287347,31,16,14,42
PRJNA832148,Metazoa,HiFi+Hi-C,,,43823,60,50,7,3,192.0936649,141429.4833,531,568995.747,339,1489.75,225,3857740,5.150539955,2.725094521,90.3,0.4,11,0.4559,0.41345,312347625,29,0.002423795,0.038140445,44,20,19,59
PRJNA838121,Metazoa,HiFi+Hi-C,,,86108,82,75,5,2,151.1651185,40149.45122,645.5,231233.7887,380.25,1402.5,231,1566809,4.603679614,2.809896247,93.6,0.6,7,0.4715,0.507136,542453185,82,0.005606575,0.072721169,52,39,38,78
PRJNA841808,Metazoa,HiFi+Hi-C,,,203787,91,60,27,4,82.52395763,394480.7802,1451,1927529.484,606.5,33050.5,199,15229229,5.596025848,3.161667412,95.5,0.9,25,0.5319,0.542404,1102710081,42,0.000925664,0.057675548,71,53,55,88
PRJNA845886,Metazoa,HiFi+Hi-C,,,331062,12,12,0,0,26.23124473,1944.916667,994.5,2178.900785,501,2472.75,310,7448,3.288900998,2.997604787,67.9,62.5,43,0.161,0.661143,457469713,13,0.000909856,0.014207323,9,8,9,11
PRJNA846604,Metazoa,HiFi+Hi-C,,,197285,154,117,29,8,205.0936852,176727.5065,1011,665309.9318,428.75,4061.5,209,7019214,5.24730415,3.004751156,85.1,0.7,22,0.5484,0.633792,750876361,84,0.004967522,0.10835232,104,113,118,138
PRJNA857339,Metazoa,HiFi+Hi-C,,,187877,26,15,11,0,27.93688598,58710.76923,4641.5,160604.54,1492.5,43588,297,807845,4.768717771,3.666658355,94.3,0.1,29,0.0992,0.391241,930669224,70,0.005636545,0.012138919,24,19,29,22
PRJNA861375,Metazoa,HiFi+Hi-C,,,54912,1,0,1,0,4.45838043,134235,134235,,134235,134235,134235,134235,5.127865767,5.127865767,97.3,0.7,10,0.4744,0.424043,224296696,23,4.12E-05,0.007173113,1,1,1,1
PRJNA864090,Viridiplantae,HiFi+Hi-C,,,94168,2,0,2,0,7.454370438,343047,343047,176335.4607,280703,405391,218359,467735,5.535353626,5.535353626,83.9,12.7,3,0.4498,0.437159,268298982,139,0.000242651,0.004293802,2,2,1,2
PRJNA867129,Metazoa,HiFi+Hi-C,,,306665,30,29,1,0,51.00997099,1749.533333,594.5,4547.592828,394.5,1250.25,201,25403,3.242922221,2.774151859,78.9,1.3,2,0.612,0.624205,588120311,308,7.69E-05,0.006550402,23,18,22,30
PRJNA884264,Metazoa,HiFi+Hi-C,,,137500,388,380,7,1,175.6119299,24583.42268,657,438883.4286,389.5,1184.25,202,8644292,4.390642348,2.81756537,99.4,1.6,19,0.5068,0.178321,2209417095,145,0.003795474,0.078000261,180,61,66,370
PRJNA903227,Metazoa,HiFi+Hi-C,,,147296,87,58,24,5,138.0338674,174136.1724,1639,552072.0381,615.5,54481,214,3638592,5.240888994,3.214578954,97.6,0.4,25,0.3796,0.573923,630280102,24,0.006770943,0.075068008,64,50,39,84
PRJNA937074,Viridiplantae,HiFi+Hi-C,,,73476,25,12,13,0,98.71869842,30702.2,15249,49079.6554,2089,27356,218,189471,4.487169496,4.183241364,87.7,1.5,6,0.3805,0.391887,253244830,37,0.006423581,0.057454216,22,15,14,25
PRJNA937607,Viridiplantae,HiFi+Hi-C,,,139647,73,43,21,9,77.95969866,497855.7808,1996,1592062.912,774,102287,273,11176218,5.697103554,3.300160537,83,5.7,7,0.7853,0.184778,936381249,135,0.000334034,0.02619371,61,40,28,69
PRJNA938959,Viridiplantae,HiFi+Hi-C,,,96797,60,37,20,3,124.5944715,340120.4833,3524,1452671.211,1081.5,48154.25,226,10013959,5.531632788,3.5470359,97.9,1.7,19,0.5529,0.381995,481562298,25,0.009609527,0.134955477,54,30,17,57
PRJNA938962,Viridiplantae,HiFi+Hi-C,,,108636,57,38,16,3,116.523334,220350.3509,2310,913216.3979,563,22942,276,5044966,5.343113746,3.36361198,98.7,1.6,20,0.5607,0.371992,489172409,26,0.009014643,0.141417237,47,31,25,55
PRJNA947686,Metazoa,HiFi+Hi-C,,,127309,79,57,17,5,163.5604268,280535.0759,1026,936355.2781,457.5,18620,215,5169329,5.44798717,3.011147361,97.5,0.6,11,0.418,0.555794,483001919,50,0.007927168,0.117034588,57,48,47,74
PRJNA968045,Viridiplantae,HiFi+Hi-C,,,64755,32,16,12,4,97.3584931,301140.0313,7691,732277.1945,879.25,56387.75,245,2750346,5.478768491,3.885982811,97.8,0.4,9,0.5964,0.275229,328682162,36,0.003554485,0.049091471,24,13,8,30
PRJNA971677,Viridiplantae,HiFi+Hi-C,,,158088,92,61,26,5,141.0787648,117452.4674,2183.5,440446.2345,766,21009.25,249,3616197,5.069862145,3.339153196,99.3,53.4,17,0.6079,0.326231,652117986,37,0.007577986,0.165660795,73,44,31,87
Prunus_davidiana,Viridiplantae,HiFi+Hi-C,,,82003,19,18,1,0,83.70067504,5038.947368,831,16083.90445,502.5,1619.5,276,71117,3.702339822,2.919601024,99.1,2.7,8,0.4046,0.405572,226999364,27,0.005184666,0.115640337,13,7,9,18
Pyrus_bretschneideri,Viridiplantae,HiFi+Hi-C,,,103303,114,50,64,0,321.0808885,65187.78947,22945.5,104700.8123,1404,77366.5,207,602019,4.814166254,4.360697526,81.8,29.1,15,0.4018,0.37927,355050718,24,0.009013865,0.088604763,102,74,46,112
Quercus_variabilis,Viridiplantae,HiFi+Hi-C,,,148336,72,48,22,2,91.34742522,219681.1944,1644.5,1196463.591,766.75,33428.5,219,9840237,5.341792881,3.216033878,99.5,4.4,12,0.5955,0.29872,788199556,64,0.009862793,0.10992467,62,31,22,68
Solanum_commersonii,Viridiplantae,HiFi+Hi-C,,,100266,3,1,2,0,4.246356223,16549.66667,21203,13946.90064,11037,24389,871,27575,4.218789251,4.326397313,99,6.9,12,0.6458,0.193838,706488067,56,0.000699694,0.011422518,3,2,0,3
Takifugu_ocellatus,Metazoa,HiFi+Hi-C,,,45774,8,5,3,0,32.63487334,9416.875,2991.5,14407.94223,1089.25,11388.25,223,42935,3.973906806,3.475889007,62.8,0.3,42,0.121,0.446523,245136542,7,0.003996815,0.025489852,7,5,1,7
Urtica_dioica,Viridiplantae,HiFi+Hi-C,,,80760,120,82,31,7,233.1189107,476159.05,1523,2354075.717,669.25,30587.75,234,18487091,5.677752043,3.182699903,98.7,2.9,13,0.7088,0.221976,514758754,47,0.006388963,0.173910229,88,54,36,118
Viguiera_dentata,Viridiplantae,HiFi+Hi-C,,,191796,189,116,67,6,153.7983031,177477.3333,1781,867324.559,467,42014,233,10647356,5.249142895,3.250663919,99,16.4,17,0.7251,0.219313,1228882219,76,0.009056644,0.341073927,161,91,56,183
Vitis_davidii,Viridiplantae,HiFi+Hi-C,,,112554,42,30,10,2,83.02219481,143224.4286,1324.5,463050.382,756.75,15699.5,293,2588114,5.156017098,3.122051963,97.7,1.6,19,0.579,0.338872,505888818,26,0.005092046,0.105058243,34,18,9,40
Vitis_piasezkii,Viridiplantae,HiFi+Hi-C,,,111529,75,46,25,4,147.9614411,229423.64,3914,925302.7109,634,24662,239,6227076,5.360638166,3.592620821,98.1,2.1,19,0.5625,0.367241,506888818,26,0.008062341,0.148496828,59,40,25,71
Vitis_vinifera_CH,Viridiplantae,HiFi+Hi-C,,,108788,74,45,28,1,146.4718875,59320.72973,2770,174172.8641,858.25,30208.75,281,1109146,4.773206485,3.442479769,98.4,1.8,19,0.5754,0.363156,505216402,26,0.00936439,0.149152585,64,31,15,71
Vitis_vinifera_PN,Viridiplantae,HiFi+Hi-C,,,110215,62,37,22,3,123.2218297,206831.1129,1907,813781.0245,906.25,41794.25,280,6129196,5.315615869,3.280350693,98.3,1.6,19,0.5756,0.359663,503157599,26,0.008687475,0.13800007,55,26,12,58
Ziziphus_jujuba,Viridiplantae,HiFi+Hi-C,,,75833,44,21,19,4,128.9756064,627230.9091,14226.5,2199670.836,650.25,132285.25,298,13139949,5.797427452,4.153098068,90.5,1.2,10,0.5283,0.316979,341149782,32,0.006710741,0.084887728,40,30,20,42
